Individuals,Evolved Fitness,Mean Fitness,Sd fitness
"[ 8.82878935e-02  4.34837303e-01 -2.71582360e-01 -3.89545444e-02
  6.93576254e-01 -7.28448592e-01  1.21677584e+00 -6.34493848e-01
 -1.09339822e+00  1.23193750e+00  3.53126912e-01 -8.28101545e-02
  2.83567323e-01  2.85098465e-01 -5.35851779e-01  5.25945364e-02
 -6.04958037e-01  6.43393096e-01  6.77767654e-02  7.35924476e-01
 -4.53285854e+00 -1.18462669e-01 -1.52230719e-01 -5.01193439e+00
  4.23545655e-01 -3.08852312e-01 -4.97175318e-04  5.24554674e-02
  4.18896016e+00  4.25229980e+00  2.89343292e+00  9.36032821e-01
  6.04200622e-01 -3.16156306e-01  7.53652237e-01  7.19673549e-01
 -3.22572214e-01 -2.96286854e-01 -6.20281993e-01 -7.17639191e-02
  4.97783831e-01  3.02771464e-01  2.88938736e+00  1.17726100e+00
  5.24558766e-01  1.50444701e-01  1.11991441e+00 -3.97999850e-01
  2.27971685e+00 -2.88091614e+00 -2.59833894e-03 -5.73213922e-01
  2.79887714e+00  1.79361847e+00 -2.71013267e-01  6.71237144e-01
 -4.32191785e-01 -2.42227596e+00 -8.83421200e-01 -7.92140130e-01
 -4.19905225e+00 -5.34474869e-01 -4.87587448e-01  6.14416654e-02
  4.59130396e+00 -1.11641036e+00 -3.86635624e-01  3.09465212e+00
 -1.39001549e-01 -1.70215958e-01  1.76374569e+00  3.82233913e-01
  2.45343045e+00 -3.17136492e-01 -2.29793584e-01 -1.58846247e+00
  3.10191131e-01  2.86863480e+00 -1.03838614e-01 -6.81547834e-02
  9.53643435e-01  3.57820070e+00 -2.51449307e-01  2.87286367e-01
  3.79794828e-01 -3.58282040e-01  2.35453652e-01 -6.34212249e-01
  2.59921080e-02 -3.98245513e-01  2.45201867e-01  9.34119073e-01
 -3.17984268e+00  1.06749898e+00 -1.85717304e-01  5.75526687e-01
 -1.38631345e-01 -1.35141354e+00  2.03371402e-01  4.50147011e-01
 -8.56064610e-01 -1.08158497e+00  7.67801468e-01 -2.53789516e-01
 -1.10301440e+00  5.05700805e-01 -6.25121921e-01 -4.24711563e-01
  8.82577603e-02 -2.55154688e-01 -5.98653836e-01 -1.01896275e+00
 -5.20206575e-01 -5.80845704e-01 -5.55240535e-03  1.49917216e+00
  4.35746307e-01  2.21108302e+00 -1.39033676e+00  7.77546321e-02
  4.94830736e-01  8.23167810e-01  3.60114354e-01  9.15733825e-01
 -2.78610388e-01  2.21907235e+00 -2.28325916e-01 -5.33977590e-01
  3.11670069e-01 -3.03831271e-01  1.58362609e+00 -1.54244435e-01
 -5.19773674e-02 -1.85449065e-01 -1.69676455e-01  4.01452332e+00
  1.91999349e+00 -8.99723502e-02  2.56808634e-01  1.01460874e-01
 -2.12669505e-01 -2.25757250e-02  6.25193474e-01  1.06429784e-01
 -6.04172543e-01 -1.98426179e+00  3.33968916e-01  6.38387564e-01
  3.88650812e-01 -4.95007419e+00 -2.30371903e-01  8.36385215e-01
  9.79668781e-02 -4.04755786e-01  3.10138431e-01 -1.02187711e+00
  6.73289975e-02 -7.67304194e-01  7.36422208e-01 -2.43996782e-01
  4.24255114e-01 -2.79436013e-02 -1.80606208e-01  2.44502432e+00
  6.33740690e-02 -3.52523126e+00  3.95572057e-02 -1.64752331e-01
  2.35493113e-01  4.38631731e+00  4.80250529e-01  7.06461736e-02
  4.28878210e-02  5.48851081e+00 -2.00187386e-01  5.68429119e-01
 -8.95339071e-02 -6.34022713e-01 -3.55088359e-01 -1.04540057e+00
 -3.93331322e-01  1.03231922e-01  2.05126528e-01 -6.01964707e+00
 -7.00245554e-01 -7.77356770e-01 -4.05714931e-01  9.70407787e-03
  7.59160525e-01  1.78660206e+00 -5.62653864e-01  6.07789731e-01
  2.45988993e-02 -4.40626356e-01 -3.92342288e-01 -1.14459142e+00
 -6.64945973e-01  3.31432516e-01  3.45314899e-01  5.18114535e+00
 -7.23451311e-01 -8.76850067e-01 -6.60874772e-02  6.34422616e-01
 -7.84025962e-04  1.44236343e-01 -4.21744213e-01 -5.01284863e-01
  4.96106752e-02 -4.60191483e-01 -1.21337415e+00  3.97532056e-01
 -9.60425932e-01  7.60628889e-01  1.34832446e-03 -3.60351383e-01
 -3.98699826e-01  4.40291056e-01  5.16793164e-01 -4.16524123e-01
  4.73299207e+00  1.69215698e+00 -4.19112136e-02  1.17642984e-01
 -1.17551862e+00 -5.01713294e+00  2.57813197e-01 -3.19660400e-01
  2.49986255e-01 -5.10751157e-01  1.20100063e-01  1.65406167e-01
  3.35867494e-01 -4.96111591e-01 -1.16937713e-01  1.51374449e-02
 -4.80772788e-01  1.08918902e+00 -1.56412523e+00 -5.72667671e+00
 -1.40316898e-01  6.01184798e-01 -6.88667430e-01 -1.32751782e-02
  6.87253650e-01 -3.75248395e+00  3.72596487e-01 -1.69230905e+00
  6.23121105e+00 -1.01363944e-01 -2.55576940e-01  6.78427596e-01
 -1.30912369e-01  5.02671496e-01  5.87008846e-01 -1.70041215e-01
 -1.21006051e+00  2.11374759e-01 -5.40160612e-01  2.46840975e-02
 -5.57256482e-01  4.46258529e-01 -8.00970304e-01 -1.91737588e-01
 -2.06415580e-01]","[33.874306005438164, 82.59336850536359, 82.59336850536359, 82.59336850536359, 82.59336850536359, 82.59336850536359, 82.59336850536359, 82.59336850536359, 82.59336850536359, 82.59336850536359, 82.59336850536359, 82.59336850536359, 82.59336850536359, 82.59336850536359, 82.59336850536359, 84.3628342248421, 84.3628342248421, 90.73867847083045, 90.73867847083045, 90.73867847083045, 90.73867847083045, 90.73867847083045, 90.73867847083045, 90.73867847083045, 90.73867847083045, 90.73867847083045, 90.73867847083045, 90.73867847083045, 90.73867847083045, 90.73867847083045, 90.73867847083045, 90.73867847083045, 90.73867847083045, 90.73867847083045, 90.73867847083045, 90.73867847083045, 90.73867847083045, 90.73867847083045, 90.73867847083045, 90.73867847083045, 90.73867847083045, 90.73867847083045, 90.73867847083045, 90.73867847083045, 90.73867847083045, 90.73867847083045, 90.73867847083045, 90.73867847083045, 90.73867847083045, 90.74314181798105, 90.74314181798105, 90.74314181798105, 90.74314181798105, 90.74314181798105, 90.74314181798105, 90.74314181798105, 90.74314181798105, 90.74314181798105, 90.74314181798105, 90.74314181798105, 90.74314181798105, 90.74314181798105, 90.74314181798105, 90.74314181798105, 90.74314181798105, 90.85911397072455, 90.85911397072455, 90.85911397072455, 90.85911397072455, 90.85911397072455, 90.85911397072455, 90.85911397072455, 90.85911397072455, 91.24274418076494, 91.24274418076494, 91.24274418076494, 91.24274418076494, 91.24274418076494, 91.24274418076494, 91.24274418076494, 91.24274418076494, 91.24274418076494, 91.24274418076494, 91.24274418076494, 91.24274418076494, 91.24274418076494, 91.24274418076494, 91.24274418076494, 91.24274418076494, 91.24274418076494, 91.24274418076494, 91.24274418076494, 91.24274418076494, 91.24274418076494, 91.24274418076494, 91.24274418076494, 91.24274418076494, 91.24274418076494, 91.24274418076494, 91.24274418076494, 91.24274418076494, 91.24274418076494]","[48.64785649927423, 41.871735915765, 40.14029549125289, 40.18292586511709, 40.6575301713307, 42.0922912731, 40.24835171484369, 44.001926370427356, 53.89795607364175, 47.617512604987844, 50.47537253113242, 50.82336475651715, 49.14838368116632, 52.11595867003596, 55.72875043782892, 59.3629489458557, 67.02170814415264, 58.954624426456554, 59.61099429928636, 62.03190321837081, 60.44136199636227, 64.23422192944253, 65.50915874120008, 66.94771999115365, 74.03098195976712, 68.41960695182641, 67.68924798764822, 72.16921830509982, 69.58381887767042, 72.58332714987547, 75.55123429567861, 71.32956488158021, 79.48745269079758, 73.37703373365115, 75.39985785041448, 72.69005799589986, 72.50032203898391, 76.85365256851803, 75.64606551304338, 71.48559668633905, 79.19693595259356, 77.38449837832411, 78.24608032032198, 76.21145328936613, 77.86324793512337, 77.02904970598514, 73.4161667551542, 77.33965699569039, 82.87005451673126, 77.87244377080836, 75.6148371372246, 75.96852685043822, 76.16679270442818, 80.9292652964458, 79.4863429164273, 77.9396330343538, 82.30898418646431, 78.41187535746772, 77.42412226195397, 75.33436356208584, 80.56917332172449, 80.14864344667423, 78.22186901287749, 78.94457730594239, 83.23951908960262, 79.14111134539345, 79.11964495351928, 79.92595646064383, 78.11885422546635, 78.87342472281556, 78.21253840125904, 80.03213079649515, 83.35989153020513, 80.4532508161117, 79.1883563786338, 78.90293406972336, 78.13124452810585, 79.28804164717135, 80.0762936833964, 80.00587053267991, 83.47069447441419, 80.5954583529137, 79.43289331271517, 78.72952814072977, 80.92821416471517, 81.36521696153177, 81.21621356090726, 81.01020172283518, 84.06470428874451, 83.17763049130652, 81.66584571762043, 81.26584590105492, 80.65068611703572, 79.76772979961807, 79.37775305997428, 79.9617624491683, 83.90296842817762, 83.69067745823648, 83.09999332985534, 83.69994370122691, 81.02800681613252]","[32.85121290284934, 35.27242854775742, 34.28559852144155, 34.57375386316409, 33.75850387116166, 33.189199837352724, 33.62261852099206, 31.9905104265567, 29.37613213879232, 32.995435161943405, 31.424798157899332, 30.286534782485653, 31.635243453118957, 30.17874200520221, 28.044803767164503, 26.117409733153973, 25.60329053735083, 32.009721021107985, 30.686559090011013, 27.972565333163246, 28.86914666563005, 26.04483912311537, 25.377296852767387, 24.581816448457754, 20.563289538442714, 26.84560169556507, 28.15873247999387, 21.603951663502922, 25.72649524446737, 21.856309420365058, 18.326925323971686, 25.457500644237726, 15.343567959075088, 24.734734089778318, 21.173744121127207, 24.32098698750471, 24.63824057267179, 19.273922103243102, 21.578971677435504, 26.589005488260074, 17.823533870099222, 20.31947024052281, 18.052139538606617, 21.15930687813837, 18.25866428005792, 20.107675743214415, 25.035306249996125, 18.679253911849095, 10.465427475112984, 20.845669053444944, 24.03021827817713, 22.993959654010293, 21.712457019241224, 12.964037417989042, 16.598418168574355, 18.918468718819764, 11.935011452444286, 21.62810958614053, 21.650480538733298, 24.788077910987592, 15.116387699814975, 15.801077179261876, 19.012062758835675, 17.39089875681734, 10.964316138789114, 18.611936871046467, 17.986232385471645, 14.842877986817085, 18.713513009525215, 17.166390305279766, 17.982751909517646, 14.77046585966575, 10.070115757450825, 16.279713204921716, 17.56025299437875, 17.576454163825723, 18.084528333323835, 16.4604558044029, 15.864599974379415, 14.478075831273053, 10.75037244083396, 17.36370661541921, 18.463565810634076, 18.786590433991734, 14.829561756031707, 12.654680347464154, 14.27050391827034, 15.076527745446292, 8.467348176797168, 10.311203023351801, 14.18615806801866, 14.66548502235986, 16.260042588006957, 18.124580861214845, 18.703696547437758, 17.649285117092795, 10.265341610678849, 10.981875447903537, 12.296259942754613, 11.183290306962103, 15.820460148257382]"
"[ 2.92259749e-01  3.18233238e-01  9.59129586e+00 -2.35609200e-01
 -7.30783836e-02  3.44462399e-01  2.00199972e-01 -1.02563529e+00
  9.81311494e-02 -2.23500698e+00 -2.98140237e-01  4.48299882e-01
  3.20534817e-01 -4.01919920e-01 -4.78553954e-01  8.21521986e-02
 -2.85139175e-01 -6.15762388e+00 -2.37802918e-01  7.93577706e-01
 -4.95794337e-01 -2.26509185e-01 -4.76186339e+00  4.09705566e-01
  6.23407049e-01 -4.32364553e+00 -3.33229874e-01 -4.74178956e+00
 -7.39126326e-01  1.49109401e-01  2.38219736e-01  7.34381274e-02
  5.69449988e-01 -5.40110492e-01 -5.21530024e-01  3.78133180e+00
  2.24131297e-01  1.33370096e-01  3.05666589e-01  5.92829185e+00
 -6.71132939e-01  9.33429441e-01 -3.27134655e+00  3.97857636e-01
  5.98700033e-02  1.21366839e+00  1.16766018e-02 -8.42732532e-01
  5.28092243e+00 -7.26519667e-01  1.59268534e+00 -3.97409944e-01
 -3.03360187e-01 -9.46490580e-02  7.15593761e-02 -4.42042331e-01
  8.93536596e-01 -1.85686273e-01 -6.54523666e-01  2.96941982e-01
  4.14345168e-01  3.40370569e+00 -4.93150147e-01 -2.90800799e-01
 -8.46771781e-01  4.81308433e-01  2.19172876e+00  3.36169885e-01
  2.57117479e-01 -8.79821280e+00  6.45616093e-01 -1.06839696e-01
 -4.20587629e+00 -3.56356182e+00  4.26903199e-01  5.11861927e-01
  7.94709070e-01 -5.75666237e-01  5.51747210e-01 -2.04493345e-01
  6.18529033e-01  9.23667668e-02 -1.79534019e-01  6.21781398e-01
 -4.81962398e-01  5.42406960e-01 -5.42960894e-02 -1.91564267e-01
 -6.55967567e-01  1.79047023e-01  5.79064403e-01 -5.57517448e-01
 -5.70650298e-01 -4.99473502e-01 -1.06146964e-01 -5.90507448e-01
 -3.48769728e+00 -2.54095569e-01 -1.54677471e+00  2.16822728e-01
  3.03622435e-01  5.19345380e-01  1.09030992e-01 -2.80262591e+00
 -1.38224752e-01  4.51810011e-01 -2.32340345e-01 -6.17670709e+00
 -8.09104790e-01  4.13878413e-01 -2.42211794e-01 -4.18538542e-01
  4.23563123e+00 -6.99930810e-02 -7.69375672e-01  5.54209251e-01
 -4.00878028e-02 -3.51879802e+00 -1.77943227e-01  4.37985671e-01
  1.95881713e-01  1.25219327e+00  6.90467599e+00 -8.88242114e-01
 -3.13876674e-01 -1.00569380e+00  1.06286182e+01 -4.05784277e+00
 -3.97711837e-01 -2.60011314e-01  2.49010300e+00 -1.01510430e-02
 -8.61182594e-01  2.45014150e+00  6.78140426e-01  1.41799961e-01
  1.65184031e+00  4.46544622e+00  2.53602362e-01  4.30146500e-01
 -1.04991087e-01  1.08337707e+00 -5.50821909e-02  6.91754569e-01
  3.38606301e-01  8.44885881e-01 -3.39359176e-01  2.26041261e-01
  6.15375045e-01 -5.92356046e-01  1.69566661e-01 -1.99901041e-01
 -3.85863298e+00 -2.20406273e-01  2.93857962e-01  4.02022780e-01
 -6.32504922e-01  2.85133509e-01 -5.51446193e+00  4.36479655e-01
 -1.39722433e-01 -5.02810570e-01 -7.18083919e-01 -8.78566556e-02
  1.05107842e-01 -2.24261856e+00 -6.39309503e-02 -4.39323483e-01
 -3.45123169e+00 -2.64939588e-01 -1.13371589e+00 -7.60787583e-02
  3.78293873e-01 -2.29249188e+00  9.09825035e-01 -3.86691040e+00
 -2.12279524e-01  7.42521148e-01 -3.51454598e-01  5.30164281e+00
 -7.45631338e-02  6.08296645e-01  8.03021621e-01 -1.04578883e+00
 -1.27791399e-01 -6.57085024e-01 -5.46657252e-01 -7.02265752e-02
 -6.91537197e+00  2.82517766e+00 -4.34135690e-01  1.32737986e-01
 -1.24076290e+00 -9.59939925e-01  2.11918472e-01 -4.89080106e-01
 -2.90239992e+00  6.69906873e-02  6.83311043e-01  1.61104656e-01
  9.38602860e-01 -1.56654163e+00 -5.86226575e-01  3.76129253e-01
  3.77082326e+00  3.37817319e-01  1.54780160e-01  6.89725439e-01
 -1.98732417e-01 -2.06168915e-01 -1.99994920e-01 -3.28891482e+00
  3.37821165e-01 -3.44796217e-01 -2.01814349e+00  3.40843994e-01
  4.18441003e-01  8.96671074e-02  3.72505325e-01 -1.42088138e-01
 -4.06265570e-01 -1.40020015e-01  4.23791234e+00  4.51040761e-01
  1.36190848e-01 -3.13302580e-01  2.69095026e+00 -2.01285498e-01
 -4.15773061e-01 -1.35164411e-02 -8.75846645e+00 -1.69813842e-01
 -2.05850695e-01  2.84565354e-01  5.26526923e+00 -4.18969178e-01
 -3.29855892e-01 -3.64871138e-01 -1.99937754e-02 -1.22815722e+00
 -4.63297327e-01  8.77583973e-01 -9.32619068e-01  3.62079772e-01
 -7.42899622e-01  4.46629131e-01  1.54585458e-01  1.16510287e+00
  1.13818412e-01  2.56988573e-01 -1.11949417e-01 -6.22183547e+00
 -2.54500579e-03  2.57658057e+00  5.49652414e-01  9.62912029e-02
 -6.09070539e-01  3.52298555e+00 -2.87803816e-02  3.97335274e+00
  5.92971872e-01  3.42761852e+00 -5.97690982e-01 -1.50291233e-01
 -6.57838935e-01]","[69.25891581121743, 86.22635769159228, 86.22635769159228, 86.22635769159228, 86.22635769159228, 86.22635769159228, 86.22635769159228, 86.22635769159228, 86.22635769159228, 86.22635769159228, 86.22635769159228, 86.22635769159228, 86.22635769159228, 86.22635769159228, 86.22635769159228, 86.22635769159228, 86.22635769159228, 86.33002074357937, 86.33002074357937, 86.33002074357937, 86.33002074357937, 86.33002074357937, 86.33002074357937, 86.33002074357937, 87.70735268581878, 88.75889424490884, 88.75889424490884, 88.75889424490884, 88.75889424490884, 88.75889424490884, 88.75889424490884, 88.75889424490884, 88.75889424490884, 90.59717293039078, 90.59717293039078, 90.59717293039078, 90.59717293039078, 90.59717293039078, 90.59717293039078, 90.59717293039078, 90.59717293039078, 90.59717293039078, 90.59717293039078, 90.59717293039078, 90.59717293039078, 90.59717293039078, 90.59717293039078, 90.59717293039078, 90.59717293039078, 90.59717293039078, 90.59717293039078, 90.59717293039078, 90.59717293039078, 90.59717293039078, 90.59717293039078, 90.59717293039078, 90.59717293039078, 90.59717293039078, 90.59717293039078, 90.59717293039078, 90.59717293039078, 90.59717293039078, 90.59717293039078, 90.59717293039078, 90.59717293039078, 90.59717293039078, 90.59717293039078, 90.59717293039078, 90.59717293039078, 90.59717293039078, 90.59717293039078, 90.59717293039078, 90.59717293039078, 90.59717293039078, 90.59717293039078, 90.59717293039078, 90.59717293039078, 90.59717293039078, 90.59717293039078, 90.59717293039078, 90.59717293039078, 91.41703083583945, 91.41703083583945, 91.41703083583945, 91.41703083583945, 91.41703083583945, 91.41703083583945, 91.41703083583945, 91.41703083583945, 91.41703083583945, 91.41703083583945, 91.41703083583945, 91.41703083583945, 91.41703083583945, 91.41703083583945, 91.41703083583945, 91.41703083583945, 91.41703083583945, 91.41703083583945, 91.41703083583945, 91.41703083583945, 91.41703083583945]","[49.19346393692853, 41.376819586059916, 42.92795060822273, 41.652527122100935, 40.07335004024046, 39.508339766682845, 39.96362009432576, 42.48225633380729, 48.86460411500649, 47.53565684639191, 45.33945593516141, 47.63018366328096, 52.2554839711366, 53.12488662928681, 55.89724671608025, 58.44109909590646, 68.79730720748708, 65.76918144914589, 63.25413844634097, 60.13621214548357, 61.85311656646485, 63.13312686022069, 63.947874451059306, 65.3535429310997, 74.5838286655972, 68.125130232662, 68.1537460823152, 68.77634847382238, 68.7895856116259, 71.86910160307416, 71.16657979904488, 71.14806697427083, 77.62846127103863, 76.00650390993626, 77.34669578004682, 75.29278987066348, 76.70753542460189, 77.967450819917, 75.64729888324045, 76.10448422750085, 80.79468528354488, 76.64353387317217, 77.40395736957299, 78.29600906563556, 77.31834650128768, 78.24621332877685, 76.75623490587544, 75.46700583189956, 80.44530995836597, 79.10951818880396, 77.12567165310539, 77.97589507639383, 78.41771708246259, 74.87210025687477, 77.03120796606392, 79.5882786565203, 81.71514146956252, 80.56435581753641, 80.55446456518797, 79.21635398048355, 81.00774356028906, 80.29496140778443, 80.79028673835165, 81.9381909789233, 83.89229659504352, 81.96499133186023, 79.83447196990258, 80.80937327558333, 80.53873429074552, 78.27837662375492, 81.41994669744764, 80.41747344371893, 84.531695513876, 81.26847651575368, 78.35805680254265, 80.99188488715083, 80.39078277942545, 82.00147706452753, 81.64190557328992, 77.20401910069215, 82.92765740029608, 80.51513426070706, 80.62471547155928, 80.32227934209205, 77.81134417951249, 77.26393659139568, 79.03293926458925, 80.07668652590534, 85.65339688980345, 81.07364071618909, 82.26506649367903, 80.29826102945, 80.8891130787272, 84.09400670512105, 80.67030796850581, 78.82692089481951, 85.88322517631346, 84.63273012488916, 82.56788246985819, 83.11543210854435, 80.07630001186527]","[30.84944514207405, 34.21254793411355, 33.0641298157473, 33.16885221708606, 33.26508357966441, 33.4468749172612, 33.11906195479169, 32.21888641983967, 31.49779207865458, 32.24730086428339, 32.95985246694358, 31.63833926885544, 30.285271841508354, 30.406713140367536, 29.009026638227283, 28.252730892539308, 23.591865902099237, 26.721861225902757, 30.227470215296314, 31.65249736449692, 30.30976833819448, 28.513273943701925, 27.711943800156423, 27.021845270132193, 19.409297285585417, 26.810503624098, 26.51946084476535, 25.82137389088643, 26.11311686033626, 22.764026963077058, 22.8024946738624, 23.68743706633069, 17.67999251043811, 20.27527454619355, 17.4159784390027, 20.991573444146688, 19.21119783694853, 16.44142816530536, 20.44964768927131, 20.038665166482502, 13.340401675007346, 21.55748586273003, 19.188137054817584, 17.220839421127693, 19.199448406524546, 16.24136245228283, 18.614399644143607, 21.165369901331875, 14.37892888262034, 17.718932097148826, 20.677268813650677, 18.907079966793827, 19.170979679015012, 23.835686382556812, 20.867138978012118, 16.666840782070146, 15.499462198242872, 16.275007680373268, 15.080274608284888, 17.05606815018017, 14.54799333471865, 15.485046739763318, 14.579907443798216, 13.068768719101094, 10.623724779096877, 13.863085281830914, 18.53483425485835, 15.92135218548631, 17.285543524444634, 20.074181339998347, 15.289248810000572, 18.05045191136126, 8.829251287820059, 17.44158781995916, 21.00120664265763, 16.01832099308876, 18.078841195947152, 15.405137912631762, 16.380966443951365, 22.813144335193428, 15.637944742699881, 19.84077123617474, 19.454010394349105, 19.61924660887067, 23.397075745373115, 23.178623449171102, 21.328934517506436, 19.766894918232875, 8.229322032755677, 19.579209035290752, 16.41732153926411, 20.627050201566732, 18.806755051009933, 11.989225325005531, 19.606582316851163, 21.921376970108387, 9.919286119587035, 13.864128809065928, 18.916737086099992, 17.465461263652504, 24.399633865976885]"
"[ 3.13891896e-01  5.90729197e-01  2.39453714e-01  7.55861199e-01
  3.84806090e+00 -4.51149575e-01 -3.78623816e-01  9.79140202e-01
  2.91425632e-01  3.98565589e-01 -2.16313652e-01  5.65107819e-05
  4.26549883e+00  1.37131852e-01  5.27520684e-01 -9.34676173e-02
 -3.60343796e-01  1.22768304e-01 -6.23157084e+00  4.25522119e-02
  6.30960001e-01 -1.38947324e-01 -5.05552441e-01 -8.04595497e-01
  2.23746175e-01  6.60088810e-01 -1.45872910e-01 -7.45718613e+00
 -9.04677113e-01 -4.43624370e+00  3.78637417e-01 -3.38731755e-01
 -7.82852551e-02 -9.15945957e-02  2.31552416e+00 -5.60718486e-01
  9.64213504e-01 -2.35581976e-01  1.28213773e+00 -1.33060379e-01
 -1.14195394e+00 -5.42835208e-01 -2.30129184e+00 -2.61906317e-01
  3.23204381e+00 -1.55260092e-01 -5.02460300e-02  3.01234703e+00
  3.85228068e-01  7.52933320e-01  2.03126112e-01 -2.89125839e+00
 -1.87721506e-01 -2.22404734e+00 -4.60575317e-01 -3.66802457e-01
  2.40989847e-01  1.22087394e-01  1.95196557e+00 -4.28367354e-01
 -8.87654999e-01 -3.75242950e-02 -1.48035885e+00 -4.01436517e+00
 -7.11250400e-01  6.71381537e-01 -2.90884728e-01  1.53821515e-01
 -8.45567399e-03  2.83750441e+00  1.97495902e+00  3.86179405e-02
  1.38971509e-01  4.67217278e-01 -5.76095950e-01  5.59701549e-01
 -4.75101095e+00 -2.74165361e-01 -2.46272743e-01 -4.43592482e-01
  3.14079166e-01  3.32058396e-01  2.78320577e-01 -2.66514390e-01
 -7.38199165e-01 -2.17440660e-01 -3.36966391e-01 -8.20826272e+00
  4.25550733e-01  2.10209469e-01  7.44156477e-02 -2.64335128e-02
 -9.92409213e-02 -2.25617556e-01  3.05665952e+00 -1.07453178e-01
  3.34209406e-01 -1.66383825e-01  4.19731833e-01  9.67987514e-02
 -2.33909561e+00  7.29992563e-01  2.46404916e-01  2.72386864e-01
 -5.25344447e-01  1.06519180e+00  1.01735129e+00  4.96145234e-01
 -1.37180450e-01 -2.62229720e-01  4.72008199e-03 -3.19449629e+00
 -5.30035753e-01  5.59231214e-01 -4.40678614e-01  6.12273107e-01
  1.51549348e-02  7.87451558e-02 -6.96168992e-01  2.56592362e-01
  1.34774470e-01  4.54390416e-01  3.74844467e-01 -3.12524051e-02
 -1.47847439e-01 -2.71449562e-01  3.65557771e-01  2.40280570e+00
 -3.70761992e-01  1.73830332e-01  6.47600577e-01  7.87508369e+00
 -8.13326837e-01 -3.89828473e-01  2.80813185e-02  1.58514260e+00
 -4.32002279e-01  5.71346073e+00  9.34332107e-01 -1.51871665e-03
  4.86100895e-01  5.24425392e+00 -3.44385333e-02 -6.04352873e+00
  4.57259927e-01  9.64517240e-01 -2.75872167e+00 -2.11633711e+00
 -2.75988297e-01 -5.93122022e-02  3.73907732e-01 -8.22983530e-02
 -3.16780773e+00 -3.61605345e+00 -4.62420796e-01  3.64057204e+00
  1.11183674e-01 -2.49639155e-01 -2.79650111e-01 -2.68668866e+00
 -7.75263070e-01  1.76114372e-01  1.30648015e-01  7.28781152e-02
 -5.60897982e-02 -5.31365821e-01 -2.66370201e+00  1.67545545e-01
 -3.18072690e-01  3.82484102e-01  1.32776551e+00 -1.26217081e-01
  8.31638362e-02  6.87369565e-02  4.91992476e-01 -3.91596572e-01
  1.05118040e+00  6.87613396e-01 -6.47363949e-01 -3.79057531e-01
 -1.18103236e-02  2.20128812e-01  5.58194673e-01  6.35167668e-01
  1.29519819e-01 -3.24236831e-01  2.21074919e-01  5.30453621e-01
 -5.02091399e-01  1.02659981e+00 -2.05243163e-01 -5.19221032e-02
 -1.77013169e-02  3.36160009e+00  3.14920155e-01 -1.93980888e-01
 -5.31119552e-01 -6.78872805e-01  4.06308955e-01 -1.49465638e-01
  7.74340119e-01 -2.98652800e+00  4.84226421e-01  3.50531194e-01
 -1.33726009e+00  2.56164504e-01 -4.02220435e-01  2.25858772e-01
 -1.07685846e+00  3.96660700e+00  1.49743672e-01 -2.91197807e-01
  9.73016915e-01  2.65782911e-01 -5.01786484e-01  3.96757878e+00
  3.11516945e-02  2.38776646e+00 -9.17718007e-02  5.22649145e-01
  1.69459890e-01  6.38918607e-02  1.84304902e+00 -1.01380360e+00
  1.04306145e-01 -9.55039824e-01  2.32872129e-01 -5.81089816e-01
 -3.61570619e-01  8.28293466e-02 -9.19415418e-01 -8.31375163e-01
  2.33911988e-01 -1.60574144e+00 -2.03369532e+00  4.57111508e-01
 -4.15274020e-01  4.16647929e-01 -5.44043041e-03  6.54032070e-01
 -6.20710563e-01 -3.80299814e-01  1.61036672e-01 -2.09955275e+00
 -3.26338229e+00 -5.33536528e-01  8.65009623e+00  8.28206021e-01
  6.55888064e-01  3.33743066e-01 -2.87506629e-01  6.05603793e-02
  2.80439425e-01 -8.90787728e-01 -2.98932012e-01 -2.06421251e+00
 -2.73615468e-01  7.86266349e+00 -3.60114252e-01  4.35027931e-01
 -4.21595164e-01  8.49557659e-01  5.36340722e-01  2.39707628e-01
 -1.47850545e-01]","[34.702995607310335, 82.24378048977191, 82.24378048977191, 82.24378048977191, 82.24378048977191, 82.24378048977191, 82.24378048977191, 82.24378048977191, 82.24378048977191, 84.794040992354, 84.794040992354, 84.794040992354, 84.794040992354, 84.794040992354, 84.794040992354, 84.794040992354, 84.794040992354, 88.99588031460735, 88.99588031460735, 88.99588031460735, 88.99588031460735, 88.99588031460735, 88.99588031460735, 88.99588031460735, 88.99588031460735, 90.76438514113909, 90.76438514113909, 90.76438514113909, 90.76438514113909, 90.76438514113909, 90.76438514113909, 90.76438514113909, 90.76438514113909, 90.76438514113909, 90.76438514113909, 90.76438514113909, 90.76438514113909, 90.76438514113909, 90.76438514113909, 90.76438514113909, 90.76438514113909, 90.76438514113909, 90.76438514113909, 90.76438514113909, 90.76438514113909, 90.76438514113909, 90.76438514113909, 90.76438514113909, 90.76438514113909, 90.76438514113909, 90.76438514113909, 90.76438514113909, 90.76438514113909, 90.76438514113909, 90.76438514113909, 90.76438514113909, 90.76438514113909, 91.4158061688086, 91.4158061688086, 91.4158061688086, 91.4158061688086, 91.4158061688086, 91.4158061688086, 91.4158061688086, 91.4158061688086, 91.4158061688086, 91.4158061688086, 91.4158061688086, 91.4158061688086, 91.4158061688086, 91.4158061688086, 91.4158061688086, 91.4158061688086, 91.4158061688086, 91.4158061688086, 91.4158061688086, 91.4158061688086, 91.4158061688086, 91.4158061688086, 91.4158061688086, 91.4158061688086, 91.4158061688086, 91.4158061688086, 91.4158061688086, 91.4158061688086, 91.4158061688086, 91.4158061688086, 91.4158061688086, 91.4158061688086, 91.4158061688086, 91.4158061688086, 91.4158061688086, 91.4158061688086, 91.4158061688086, 91.4158061688086, 91.4158061688086, 91.4158061688086, 91.61406121514165, 91.61406121514165, 91.61406121514165, 91.61406121514165, 91.61406121514165]","[51.119091610497, 43.97860343633818, 43.64127423288983, 42.294059727827424, 44.99060256414923, 43.455892439284405, 39.19921660548228, 44.09060798442981, 52.69527114820319, 53.599365503213996, 50.21623939729755, 54.158546237845165, 53.95382984877446, 54.22421397465779, 60.37887267456846, 58.21751004316417, 68.7740634804852, 64.57538202899704, 66.01991695694333, 68.29840039585254, 68.60481494316892, 68.3179115936552, 65.63094345057404, 68.43176952721717, 75.9339686867643, 73.7591326265931, 71.41094861748597, 69.71283525245171, 71.809643404205, 70.80672185662259, 67.49492675509269, 71.5305946664824, 78.51411460390273, 75.05723307384017, 71.99755804732814, 72.93505858248528, 74.45215783508058, 75.04318467500582, 73.18583837867027, 75.69022669959186, 79.76730538961638, 79.15890012834544, 76.47838978952625, 79.50652913814119, 77.34856706080531, 78.3032200961318, 76.15711491384813, 78.53659778659376, 82.25473853184278, 78.47232039490603, 80.07508417820333, 79.49535642306105, 79.52630047656591, 77.45874825146217, 79.02082316638655, 77.43382968233065, 83.4563553191708, 78.03681957865278, 79.2338023418774, 77.26881024540255, 75.42073179711913, 80.52596531349246, 78.4849421692718, 80.30688570584398, 84.29342421356817, 78.65696009267589, 79.24778656324106, 77.95324449698359, 78.55663473282881, 80.21118818746031, 77.75065490442843, 77.7849973641686, 83.4065296295492, 77.90279786313408, 75.77214047891252, 76.43820103436033, 78.06019524446295, 81.21409941487207, 77.50096727252951, 79.26286735785582, 82.86550571712633, 78.68466456892165, 77.67611091268297, 76.59825444678256, 80.01004349400476, 77.61508785949057, 77.79705097373544, 76.77676599258736, 83.65215721641555, 77.87391517176599, 78.2855652713356, 79.40836302604133, 79.44393154471263, 81.9798263597174, 80.6441119913368, 77.78093813275598, 81.83545839635019, 75.44864221502112, 79.80473556756901, 79.32235798385963, 78.49014594925517]","[31.258983299534425, 34.30248334051148, 34.478141374179145, 35.03227250561107, 32.75681026585868, 33.6829404197655, 34.42035831354082, 32.528556826718344, 31.97068937729311, 31.81178736578991, 33.01903557867274, 31.157221643738428, 31.439441619649273, 30.48250130863904, 27.301775333365953, 29.81604454554419, 24.97628075348283, 28.85183233384209, 26.93378911858577, 24.717741906749016, 24.503418457090763, 25.851634142705056, 27.556698799853656, 25.09047949930611, 19.28639183797718, 22.72803692893166, 23.689330367581174, 25.82583166970497, 23.40563848161633, 24.864393087042288, 27.45701819098253, 23.582882538804803, 17.220448032705008, 23.425285203961018, 27.052865675074386, 24.922752034769662, 22.922477259465406, 21.52891604384053, 24.442754054663904, 21.025471124134302, 16.947173123705777, 16.240108343892775, 21.257479412384836, 15.164782655630683, 20.011823316459953, 17.666033638223606, 20.45192720961407, 16.505339304838305, 11.2075509074413, 19.61412867530466, 15.90494237405539, 17.662684893890845, 18.394635854678356, 20.288372638904193, 17.71231566531981, 20.013746143176128, 12.24735633494775, 22.717494978398186, 20.163625714000613, 22.987900639158344, 25.77071063800037, 18.272845613994974, 21.167332329686165, 16.72440627063772, 10.020398041118096, 21.033370481235192, 19.855008029922445, 21.749146193591116, 21.53937461565583, 19.016673222437014, 22.78305064826074, 23.633725161114008, 14.14979403099214, 22.94123294306891, 25.227455753654183, 24.815352489746825, 22.068774519392854, 15.727713714603528, 21.786391471246635, 19.71179985549134, 14.769651849348005, 21.303982631204786, 23.00522016834225, 23.899695529897887, 17.60498426020704, 22.48582936985227, 21.879215698396955, 23.65344777662951, 12.875339731380357, 23.849455045199917, 22.373286469636152, 20.72719785046084, 20.026650795473905, 16.29632962655633, 18.147046375022306, 22.086006185125473, 16.86020194284894, 26.556837720018528, 20.996483655700306, 21.196716304925456, 22.338063703640522]"
"[-0.0425562   0.09591854 -4.04169873 -4.66109585  3.29925201 -1.94611203
  3.81124103 -3.02852252 -1.00213987  5.06115426 -2.62973513  5.12874177
  3.68875497 -1.60204825 -6.94428451  1.43034817  6.07408321  0.48587126
  4.06463503 -3.91134913  1.99352801 -1.32061     0.95028165  0.393613
 -7.77314644 -0.04868854  6.06343989 -6.35054303  1.86191718 -3.86320089
  2.39871544  3.70600292 -3.9609326  -0.109611    3.43237135 -1.43659292
  0.01938032 -5.77154769 -1.35128177 -2.7909673  -0.94976909 -4.49640648
 -6.00093478  0.70712155 -1.47998723 -3.87181299 -0.40510774  3.7187573
  1.11210564  0.32357003  6.06966363 -0.71292937  0.62486995  2.05398846
  1.3087269  -3.74424619 -2.17068436  1.1658702  -6.06625812  2.66913777
  0.94309065 -0.44935397 -4.13199597 -4.68132077  1.987758   -3.606374
 -2.61085706 -3.31385627 -2.66244158 -2.92288821 -4.0875728  -0.88906353
  3.42665637  2.30655142  4.65922878  1.4348725   0.51619059 -6.04563583
  3.59587281 -3.86388948 -2.01082473  3.28116446 -2.18144449  0.95560788
 -1.04458211  8.77196323 -4.39672518  4.9858053   0.35076224 -2.24770398
 -5.41642095  8.28967565 -0.9788881  -1.68078405 -4.51897369  2.92090748
  3.32720964  0.94326527 -4.33674295 -0.12099971  0.50272752 -5.37621427
 -0.32084057  0.16593865 -4.805799   -5.57230812  0.55677327  1.56975527
 -3.62865071  1.25693179  6.7270549  -2.17659109 -1.54519477 -2.87442358
 -5.13098719  2.58492799 -2.915941    4.34772243  1.32842051 -2.27769458
  0.66284111  4.01868808 -2.51123863 -2.65833685  0.333303   -3.15098674
  5.31155454 -0.27707774 -2.0516053  -6.31116221  2.48432851 -5.07754732
  0.79042806 -0.48966624 -4.99061274  0.64179772 -1.47807927  2.11715955
  3.58803477  0.64482332  6.69673877  2.26680782 -3.27970985  3.37735269
  3.51772314 -0.38410107 -3.99950096  1.94338385  3.63501799  2.29524598
  0.03577159 -4.95416473  2.19731577 -0.99052994 -0.53162846  0.81011927
 -1.64179281 -2.89637939  0.76347862 -3.05634922  2.84500488  1.676992
 -9.7020745   0.28698287  0.68628022 -6.51545075  0.167541   -4.56709515
  3.56343866  0.54733484 -1.60248787  2.93666172  2.37355248  2.17912514
  5.41055229  3.11137942 -2.00646051 -2.6078222   0.04917599  2.81641269
 -3.5243181  -0.49760466 -2.44360785 -2.3289509  -0.4164438  -2.69640131
 -0.64773638 -2.81075778  5.04679246 -2.87127036  2.35079195  2.73105601
  0.63374871  1.23934574  0.67475037  4.40522858 -3.85954299  2.49314246
  4.66927513 -3.32441994  6.96273549 -0.43777458  3.5009973   1.89803854
  1.92043308 -0.01783682 -0.07328779 -2.9710937   0.60079088 -1.19610819
 -0.4963859   1.08316565 -2.04193748  2.16922208 -3.195424   -1.44417595
  0.25305946  2.21633774  3.52652358 -0.0296833  -3.64111616 -1.44974169
  2.693997    0.22361515  5.01204614  0.4203714   0.58299651  4.53980181
  4.6981671   2.45711068 -0.1862087  -2.50085875  2.64177744 -7.45830043
 -1.70819348 -2.13772764 -6.91633322 11.06782736  1.6034615  -2.51145499
  0.99700541  2.71367715  4.86276587 -1.84021845  0.48656894 -2.79621025
 -5.16813875 -2.9193029   0.87609027 -0.070917    0.95329783  0.77554267
 -3.47542414 -0.19100617 -6.99999325 -1.1180292  -0.51900251  4.1204107
  6.33113857 -0.88197062 -3.00614097 -1.12556598  2.56497503 -3.69612223
  1.46465003]","[38.96815283187038, 60.970011373898764, 88.55578758767832, 88.55578758767832, 88.55578758767832, 88.55578758767832, 88.55578758767832, 88.55578758767832, 88.55578758767832, 89.01320404811118, 89.01320404811118, 89.01320404811118, 89.01320404811118, 89.01320404811118, 89.01320404811118, 89.01320404811118, 89.01320404811118, 89.97215051193676, 89.97215051193676, 89.97215051193676, 89.97215051193676, 89.97215051193676, 89.97215051193676, 89.97215051193676, 89.97215051193676, 89.97215051193676, 89.97215051193676, 89.97215051193676, 89.97215051193676, 89.97215051193676, 89.97215051193676, 89.97215051193676, 89.97215051193676, 89.97215051193676, 89.97215051193676, 89.97215051193676, 89.97215051193676, 89.97215051193676, 89.97215051193676, 89.97215051193676, 89.97215051193676, 89.97215051193676, 89.97215051193676, 89.97215051193676, 89.97215051193676, 89.97215051193676, 89.97215051193676, 89.97215051193676, 89.97215051193676, 90.05919257149166, 90.05919257149166, 90.05919257149166, 90.05919257149166, 90.05919257149166, 90.05919257149166, 91.32403520412771, 91.32403520412771, 91.32403520412771, 91.32403520412771, 91.32403520412771, 91.32403520412771, 91.32403520412771, 91.32403520412771, 91.32403520412771, 91.32403520412771, 91.32403520412771, 91.32403520412771, 91.32403520412771, 91.32403520412771, 91.32403520412771, 91.32403520412771, 91.32403520412771, 91.32403520412771, 91.32403520412771, 91.32403520412771, 91.32403520412771, 91.32403520412771, 91.32403520412771, 91.32403520412771, 91.32403520412771, 91.32403520412771, 91.32403520412771, 91.32403520412771, 91.32403520412771, 91.32403520412771, 91.32403520412771, 91.32403520412771, 91.32403520412771, 91.32403520412771, 91.32403520412771, 91.32403520412771, 91.32403520412771, 91.32403520412771, 91.32403520412771, 91.32403520412771, 91.32403520412771, 91.32403520412771, 91.32403520412771, 91.32403520412771, 91.32403520412771, 91.32403520412771, 91.32403520412771]","[50.88315721136281, 43.668454880588634, 43.30520699707429, 41.82719332368937, 38.11411678640878, 35.22373522575505, 41.4752186279531, 38.55134512473267, 54.27263029574685, 49.79810037643279, 46.75476703768583, 49.90873341693188, 51.2891042108494, 51.717422213146556, 51.30391867957281, 54.122789240591544, 64.05145270222125, 60.62265319514978, 60.05878259975996, 61.01434488751936, 60.152194648940565, 60.91494212166027, 63.72904462532311, 64.81561800863449, 72.0361340192701, 64.104719979433, 65.72237348858975, 66.85785692717033, 67.69824639745295, 68.405195581021, 68.9383440618653, 68.50470466657123, 74.22981304322971, 69.19657577990444, 67.03744088243322, 69.07623643911322, 68.8678812402967, 68.27869174012758, 70.71898243319541, 73.17061805713493, 77.935703157257, 74.5742948270727, 72.82589303489439, 73.30097667188369, 72.92687300281898, 72.94987619936238, 75.1405861334194, 74.72596031286547, 80.85713111727013, 77.43993596666446, 78.47247757061969, 76.84622819663369, 76.72154732509802, 75.49397651748865, 78.038624237323, 76.77869981640814, 80.94723857503486, 79.39822111313883, 79.64986241111421, 79.61404667079454, 79.17951785273016, 78.17109750324836, 77.98988045568753, 74.83445388716262, 80.88429119434919, 78.18845353250873, 76.77235413802498, 77.21595119439499, 75.25501478532783, 78.7909787352593, 79.36509015084255, 77.95112658295625, 82.3256508480064, 79.60328859102243, 78.90641375497087, 79.13604517820248, 75.81237801999804, 80.34967699378173, 79.13589859627056, 77.25500337246422, 82.59214432814187, 79.20650389970204, 78.29917117049777, 77.34939351464804, 76.21764577762036, 77.91614531601614, 78.49236808239563, 79.63556089276334, 82.90920845826254, 81.65779463912199, 81.10383987246625, 80.60065640429602, 78.81608593523903, 80.1953667786645, 78.10785948104731, 78.87079264039093, 83.64173801665224, 82.41350544388659, 80.749005291244, 79.88659849635236, 77.81702567598491]","[31.70063057649852, 35.114809256874146, 34.15513847493758, 34.413162196299, 35.07221548259498, 34.15325566493503, 32.60693913057975, 32.99950890552791, 29.463221011364542, 32.55083225324925, 33.08790893608478, 31.663382469920386, 30.79336662069539, 30.57673816207941, 31.132295386039768, 29.241848298655995, 26.607941481527565, 28.504303671760436, 28.98262792146989, 28.47583328783194, 28.996807060843697, 28.571373246415785, 26.751879589150086, 26.11327231204623, 20.498420519244256, 28.80254845850456, 27.574630653650907, 26.169801683772263, 25.147780800038518, 24.141841376551476, 23.829969506254773, 24.079821663302585, 19.067053394488042, 26.459069308840792, 27.16417009162694, 25.071550880098993, 25.19225556241826, 25.82978447205265, 23.715093579413576, 20.73625617288522, 15.647350934449086, 21.313457990543874, 22.099058747149297, 22.187736994333353, 22.01010216548237, 22.063589431334677, 18.909645945144636, 20.63229670939371, 13.088422532447982, 18.9103369443835, 16.75444035903885, 19.743545917406937, 18.927764795007217, 21.94774167420671, 17.38091448355002, 19.560836128805178, 14.722173071044216, 15.893640327327109, 16.273626326045147, 15.328397044889385, 15.058452641894483, 17.169345552897802, 17.12849662486391, 21.35425337957911, 14.326824134719212, 18.10292226033738, 20.110764501754304, 20.301698934900134, 22.75338704104707, 16.256269281252667, 16.621104229841816, 18.38248734886552, 11.328083640745009, 15.264876041493194, 16.520694741676643, 16.229630312782547, 21.711360691698665, 14.188023709775521, 16.515539231431088, 18.475221275597693, 11.623415372289339, 18.54658665128306, 18.83569821005422, 20.37124543295983, 21.374208814542445, 18.37092983898419, 17.885551657703516, 16.172462762490838, 9.964802985865166, 12.078279297879957, 14.17605285855951, 14.816475538018329, 17.644102905655874, 14.934163938538136, 18.01688648687587, 17.287832194789168, 10.076532587007387, 13.57305372292287, 16.550580436143594, 18.67049226793863, 21.90897267688527]"
"[-4.43235265e-01  4.42540995e-01  5.01084601e-01  1.42678279e-01
  4.02713508e-01  7.83811480e+00  8.18606433e-01  2.25601569e+00
 -4.92242813e+00 -2.82978748e+00 -6.44453227e-01 -1.25718085e-01
  5.79374778e-02  2.82406281e-01  1.36255546e-01 -3.56047665e-01
  5.65555975e-01  7.27639404e-01 -2.19728011e+00 -2.28153773e+00
 -5.99735623e-01  1.34228232e+00 -3.82759461e-01  3.79062421e-02
 -6.01607632e-01  1.41540995e-01  4.53905285e-01 -2.15209965e-01
  1.77675340e-01  2.78207387e-02  2.08294985e-01  1.54402155e-01
  1.97527293e-01  2.84634999e-01  9.21934271e-02 -7.70264648e-01
 -5.06322464e-01 -7.28057629e-01  3.60755217e-01 -9.14509737e-01
 -5.55734086e-01  6.52857950e+00  1.67521017e+00  4.92958895e-01
 -1.29092414e+00 -4.85385378e-01  6.35565628e-01 -4.04886936e-01
 -4.84730029e-01  5.03740271e-02  7.01727747e-01  1.13083241e+00
 -5.85037497e-01  3.07921821e-01 -4.13170953e-01 -6.07109266e-01
 -1.89943034e+00 -2.91697942e-01 -9.78328932e-01 -4.72812161e-01
  1.44638147e+00  4.04510690e-01 -8.88071180e-01 -4.80950696e-01
  4.79659706e+00 -8.62960948e+00  9.21354543e-01  2.09536730e-01
  5.24149649e+00 -7.79138668e-01 -6.53271965e-01  1.58021467e-01
  3.45526288e+00  2.63943536e-01 -2.71135232e-01  5.12841278e-01
 -4.73185067e+00  5.26803304e-02  1.07438663e-01 -6.31737064e-01
 -1.42361852e-01 -1.80203941e-01 -7.68281518e-01  6.88654338e-01
 -1.26643964e+00  6.22164680e+00  8.86229296e-01 -6.24435050e-01
  2.82261943e-01  6.12097256e-01 -4.69820611e-02  1.92278370e-01
 -5.08699261e-01  7.22720023e-03  2.14980508e-01  3.06025124e-01
  4.99682163e-01 -7.46655685e-03  5.02744091e-01  3.48981815e-01
 -2.62316570e-01 -3.39559135e-01  4.36497075e-01 -2.68414714e-01
 -1.73083782e-01  1.60420037e+00 -1.30758553e-01 -3.27062332e+00
  3.11845053e-01 -7.83944129e-01 -4.76883446e-01  3.93363389e-01
 -6.35210815e-02 -3.03925304e+00  4.47952615e-01 -2.52249570e-02
  5.14322469e-01  3.61538366e-01  5.87573773e-01 -2.57679473e-01
 -7.75666997e-01  3.24328976e+00  4.61031831e-01 -6.66458781e-01
  2.59928789e-01  1.04234682e+00 -2.57703811e-01  5.86351445e-01
 -3.17357481e-01 -5.09259295e-01 -3.19526723e-01 -1.98690249e-01
  7.33299167e-02  2.32673800e-01  8.65802540e-01  3.76781968e-01
 -3.54594492e-01 -9.14999336e-02  4.35543325e-01 -1.18927316e-01
 -5.70867644e-01  9.30565387e-02 -1.10103937e-01  3.43570904e-01
  4.57532096e-01  7.48733657e-02 -3.50933571e-01  9.59172031e-01
  6.87768204e-01  5.32989819e-01  3.70776354e-01  4.93767768e-01
  1.40798836e+00 -1.18987853e+00  8.00532227e-01 -6.39573978e-02
 -2.91703060e-01 -2.67630163e-01  2.53843678e-02  4.32345668e-01
  4.12380336e-01  2.24037916e+00  2.56651963e+00 -2.58820242e-01
  6.40960639e-01  1.86610167e-01 -2.15894522e-01 -2.04253604e-01
 -2.86796253e-01 -3.09821090e+00 -6.81060787e-01  4.14249793e-01
  2.83892446e-01 -1.73783086e-01  1.82003566e-01  5.99118606e-01
  5.69545920e-01  1.13139932e+00 -1.65527059e-01 -3.55612362e+00
  4.73829837e-01 -2.24025850e-01 -2.71208057e+00 -3.62542466e-01
 -7.75743478e-01  1.98454418e+00  2.05633660e-01 -7.36353430e-02
 -3.17689781e-01  5.97608204e-01 -3.09962668e-01  1.47540877e-01
  1.44053859e-01 -1.19196376e+00  1.12746414e-01 -4.01561057e-01
  2.44066539e+00  3.40209193e-02  3.41212762e-01 -2.61518887e+00
 -2.21490860e-01 -2.08205112e-01  9.63138712e-01  3.50112254e-01
  1.32827453e-01  3.02634167e+00 -5.08878344e+00 -6.09688392e+00
  7.07152395e-01  1.50955664e-01  1.84473496e-01 -3.12429134e-01
  3.46060061e+00 -9.06452420e-01 -3.27035609e-01  5.12732200e-01
 -3.39019067e+00 -2.91635815e-01  6.27919091e-02 -5.65600221e-01
  4.69266933e-01 -6.63320409e-01  2.22311232e+00  7.23829950e-01
  1.90290623e-01  7.43411690e-01 -7.28396905e-01 -7.02395265e-02
 -1.75022247e-01 -5.65838332e+00 -3.22977389e+00 -8.08013198e-01
 -2.93730122e-01 -3.58423938e-01  8.85996081e-02 -1.31056461e+00
  2.34609331e-02 -4.90949345e-01  1.96798521e+00  4.08655054e-01
 -4.60928505e-01  2.00106009e+00  2.24461127e-01  1.34565380e+00
  8.25012507e-02 -7.47829256e+00  5.81542943e-01  4.10550385e+00
 -5.80991476e-01  7.44070052e-01  5.65620748e-01 -1.70458137e-01
  1.10940396e+00 -8.16113498e-03 -7.79495616e-01  1.77610834e-01
 -4.68985447e-01  9.62542585e-02 -8.46611112e-01  5.93627835e+00
 -5.42602157e-04  1.96373187e-01  5.12765799e-01 -9.43120515e-01
  9.44326937e-01]","[53.546778510078816, 90.03437411886149, 90.03437411886149, 90.03437411886149, 90.03437411886149, 90.03437411886149, 90.03437411886149, 90.03437411886149, 90.03437411886149, 90.03437411886149, 90.03437411886149, 90.03437411886149, 90.03437411886149, 90.03437411886149, 90.03437411886149, 90.03437411886149, 90.03437411886149, 90.03437411886149, 90.03437411886149, 90.03437411886149, 90.03437411886149, 90.03437411886149, 90.03437411886149, 90.03437411886149, 90.03437411886149, 90.03437411886149, 90.03437411886149, 90.03437411886149, 90.03437411886149, 90.03437411886149, 90.03437411886149, 90.03437411886149, 90.03437411886149, 90.03437411886149, 90.03437411886149, 90.03437411886149, 90.03437411886149, 90.03437411886149, 90.03437411886149, 90.03437411886149, 90.03437411886149, 90.03437411886149, 90.03437411886149, 90.03437411886149, 90.03437411886149, 90.03437411886149, 90.03437411886149, 90.03437411886149, 90.03437411886149, 90.03437411886149, 90.31205520263363, 90.31205520263363, 90.31205520263363, 90.31205520263363, 90.31205520263363, 90.31205520263363, 90.31205520263363, 90.31205520263363, 90.31205520263363, 90.31205520263363, 90.31205520263363, 90.31205520263363, 90.31205520263363, 90.31205520263363, 90.31205520263363, 90.31205520263363, 90.31205520263363, 90.31205520263363, 90.31205520263363, 90.31205520263363, 90.31205520263363, 90.31205520263363, 90.31205520263363, 90.31205520263363, 90.31205520263363, 90.31205520263363, 90.31205520263363, 90.31205520263363, 90.31205520263363, 90.31205520263363, 90.31205520263363, 90.31205520263363, 90.31205520263363, 90.31205520263363, 90.31205520263363, 90.31205520263363, 90.31205520263363, 90.31205520263363, 90.31205520263363, 90.31205520263363, 90.31205520263363, 90.31205520263363, 90.31205520263363, 90.31205520263363, 90.31205520263363, 90.31205520263363, 90.31205520263363, 90.31205520263363, 90.31205520263363, 90.31205520263363, 90.31205520263363, 90.31205520263363]","[45.58736740802349, 41.14763406790052, 40.008621883514195, 39.95524799754985, 41.22562273399547, 40.13871029095653, 42.41558516604007, 42.91559866756608, 55.676588683071024, 53.39206103246124, 49.56067243346923, 49.71778874421907, 53.23409999722684, 54.79947869332052, 54.947874997570835, 57.89786619570195, 67.65872933586871, 59.7092224230816, 55.640685261804435, 57.088925307021235, 60.0923944214986, 60.78857222977349, 63.56575103975427, 65.14528123746356, 72.86858377231484, 68.0941928688652, 67.77858632647727, 67.31583121483321, 68.11684187794908, 69.81893316858992, 70.26013278628093, 68.50429766140843, 76.78235424420605, 71.92808638564638, 73.19869445649027, 75.52496728303991, 71.62739269060654, 74.06310220204139, 73.20007717480784, 74.8042179674069, 79.79558426980648, 79.57226537959801, 75.66153627526938, 75.11448124353846, 74.75542799185088, 76.9821454083195, 77.67055746083537, 77.01674529456581, 80.83587014372114, 77.48953267860125, 78.09819471861178, 78.08842003881868, 78.06376172372326, 77.36212244952924, 77.35296605028947, 77.66090524349094, 80.72840081603883, 78.35464194663179, 79.29527318953795, 78.8182931836007, 77.42940985005065, 77.7824294436548, 79.46567973298909, 76.7769150857254, 80.92683874736338, 79.35904452984003, 78.58398981617944, 76.52959492501921, 77.98231130336121, 78.208109228156, 77.3484763079791, 77.46645866090763, 82.27903239749092, 80.9325868968196, 78.64064911056727, 78.71104950093859, 78.79043100187621, 78.33104149133514, 77.21843370085557, 79.52633742670898, 82.9377272323629, 81.36112300460583, 80.98215309390817, 80.41320212880132, 77.1900593657212, 77.98065563729222, 78.23462009756567, 78.56833143868347, 83.92047689302105, 81.25178241741668, 80.00796066634955, 81.77273517170146, 81.11946098988176, 76.74196816486231, 74.80298957916962, 73.36960922464945, 81.18292787364416, 80.14717507215592, 76.31044731457582, 78.70204022877442, 82.09491759572]","[34.045662815755115, 34.77206395635477, 34.82361630460389, 33.86446168083537, 33.994265853233195, 34.545249195985406, 32.702915079217924, 32.79131991953554, 28.369110238258852, 29.828004494705265, 31.7465096765302, 31.45310756342602, 29.319093589823176, 28.497579127493086, 29.49349280228684, 27.588300815541835, 22.79535957984189, 30.195588550888694, 32.86113101928878, 30.22401596952875, 28.114742314215796, 29.424095110482472, 27.17015524816629, 27.215892240405765, 20.520409710045115, 25.136711585496027, 25.429653134732543, 25.44218891320079, 24.964754160139897, 23.70154036365846, 24.069183780435576, 26.11144670346503, 17.12523839534885, 24.232117033951255, 22.663014525279312, 18.71015008929253, 24.833451577050482, 22.560508998925076, 23.853417013911585, 22.468070018368074, 14.782971269635928, 14.647546220627463, 20.761756470888088, 20.976477521827857, 21.2243787627512, 18.118904942800086, 17.18262779514465, 18.26453048569085, 13.60251530679318, 20.015687554118276, 17.146197192361363, 17.342654111741922, 18.32109736382353, 19.1309543278369, 19.415473722563355, 18.070545645821525, 13.550992262763218, 18.476117774623813, 16.07463237263497, 16.469865749868177, 18.850232737890067, 18.195601414403843, 15.040097702927788, 19.61858886324942, 13.647282936911102, 16.551053168345916, 18.220562177541648, 20.94557988335686, 18.430146561066678, 17.734599501072097, 19.85881483713152, 19.282202973674586, 10.999579125304312, 13.912765459723722, 18.854071724840423, 19.646465903654565, 18.80047864522594, 19.129344572980692, 19.426326527823473, 16.978830470420892, 12.580561937718452, 15.170312604465002, 16.661531410798407, 18.021778619730643, 23.182752745989276, 22.2241453147185, 21.643668763615658, 20.177774237036864, 11.14916837388487, 18.012547060554507, 21.525996423871465, 17.989966602269853, 18.661868416484726, 24.761325574071353, 27.49197549588183, 29.6267259692771, 20.625248776005424, 21.5330960956068, 26.779702682995094, 24.13954184170443, 20.284189332662777]"
"[-1.69204247e+00  1.00218199e+00  5.37302941e+00 -2.24817636e+00
 -1.73635627e-01  9.00525863e-01  6.73815062e+00 -4.33768749e+00
 -3.16612684e+00 -8.75220467e+00  1.35988362e+00  2.45525471e+00
  3.92602166e+00 -3.31304036e+00  3.82622521e+00 -1.52444928e-02
 -3.92195264e-01 -4.21340687e+00 -6.51245732e-01 -3.73315885e+00
 -7.92138121e-01  8.33071755e-01  1.40892658e+00 -1.09408535e+01
  1.03022023e+00  2.02852853e+00  3.41689936e-01  5.74697075e-01
  8.87539976e+00  4.79682976e-01 -3.24103102e-01 -1.76051126e+00
  2.68645043e+00 -6.68735337e+00 -4.34068350e+00 -1.84947450e+00
  3.76695013e+00 -3.82859462e+00  8.03957586e+00  6.15210227e+00
 -4.85952707e+00  7.17603819e-01  1.72546918e+00  4.22028332e+00
  6.26394428e-02 -2.07149822e+00 -2.21335294e+00  1.72943417e+00
 -6.55385062e+00  4.32957611e+00 -1.38506319e+00 -2.03019373e+00
  1.67617701e+00 -3.18866918e+00 -6.42156954e+00 -5.25637275e-01
 -4.54859235e+00  1.50830754e+00 -3.52670524e+00  6.13025100e+00
 -4.01822639e+00 -2.74537092e+00 -1.60788658e+00 -5.72531381e-01
  2.33624995e+00  1.30040066e+00 -7.19697199e-01  3.46103450e+00
  4.72681039e+00 -5.65548904e+00 -2.01286178e-01  2.74669668e+00
 -1.17980593e+00  1.22888074e+00 -6.03613650e+00  1.89331110e+00
 -3.51112073e+00  4.64024693e+00 -2.55484033e+00  4.33057947e+00
  6.46876250e+00 -3.43807835e+00 -2.59681374e+00  5.85179971e+00
 -2.39735140e+00  3.09209485e+00 -2.49917403e+00  8.44349967e-03
  2.01131487e-01 -4.86911268e+00  5.42480209e-01  1.18108834e+00
 -5.39537293e-01  2.52914768e+00  9.05363361e-01  5.09815917e+00
 -7.00798361e+00 -1.65912699e-01  1.45991743e-01 -1.25090226e+00
 -1.33611644e+00  5.82238317e+00  2.64049038e+00 -2.08780760e+00
  2.80535747e-01  1.58979616e+00 -3.48528403e+00 -3.34722441e+00
  2.45385185e+00  9.25313399e-01  3.03463197e+00 -4.97110897e+00
 -7.17793822e-01  3.02295871e+00  2.48476719e+00  6.08738797e-01
 -3.68402205e+00  1.96211656e-01  1.42352870e+00  9.87440742e-01
  5.12848266e+00 -1.19694978e+00  2.70579176e-01 -8.39875441e-01
  5.63151893e+00  1.30851199e-01 -3.98297031e+00  4.88090737e+00
  3.10676129e+00  5.47886725e+00  9.57411941e+00  3.13329042e+00
 -4.15468701e-01 -1.24322838e+00  1.63505922e+00 -3.62223791e+00
 -2.79596915e+00  9.58996287e-01  2.75999694e+00 -9.24928790e-01
 -2.26148722e+00 -3.65856555e+00  8.77696062e-01  4.29670812e+00
  9.28929743e+00 -5.16222769e-04 -1.94404455e+00 -5.07044972e+00
  4.61604972e+00 -4.35401869e-01 -3.66175035e+00 -6.48104003e+00
  6.18933190e+00 -1.14206401e+00  2.80244934e+00 -5.36582725e+00
 -3.13331133e+00 -5.48388433e+00 -2.00440851e+00 -1.27501516e+00
 -5.47134733e-01  1.16193893e+00 -6.35996903e-01  3.05867735e-01
 -7.82802065e-01 -3.67778777e+00 -7.84180337e+00  2.85055381e+00
 -1.39097858e+00 -2.75368829e+00  8.21144383e-01  1.96459327e+00
 -3.01877357e-01  8.85862959e+00 -2.26348968e+00  8.53280121e-01
  3.47807832e+00  3.61758421e+00  6.57654700e-02  1.41069075e+00
  3.34524225e+00  4.85383304e+00 -4.36904315e+00 -2.94247462e+00
  5.21836668e+00  4.03949027e+00 -3.61643568e+00 -4.40355879e+00
  8.58381653e-01 -5.88510670e+00 -8.34237692e-01 -6.29643610e+00
  3.84107850e+00 -4.89027393e-01 -1.21832572e+00 -1.54995503e+00
  5.14176904e-01  4.93547720e+00 -3.23990812e+00  3.23323671e+00
  5.24928518e+00  2.93413284e-01  5.01183997e+00  1.21940810e+00
  2.93419614e+00 -4.97395435e+00 -3.45999323e+00  4.35029531e+00
 -2.76354948e+00 -9.12307545e-01 -1.07691109e+01 -3.16762323e+00
  2.42775872e-01  2.50330321e-02 -1.12771571e+00 -1.94486698e+00
 -3.60476701e+00  3.04767583e-01  3.49141940e-02  4.49707760e+00
 -1.75664021e-01  2.01032334e+00 -1.59026112e+00  1.42821913e-01
 -3.34808966e+00  1.24755349e+00 -2.35157539e+00  9.30103971e-01
 -2.22169291e+00  3.07414953e+00 -4.18036054e-01 -3.80380298e+00
 -3.93084559e-01 -5.79438354e-01 -8.78959875e-01 -4.39008556e+00
  6.65484122e-02  4.27870173e+00  6.03686043e-01 -2.21764154e+00
  3.44355005e+00  3.22117791e+00  5.43510338e+00 -5.94627107e+00
 -3.13198608e+00 -4.59349613e+00  2.96360573e-01 -3.51045383e+00
 -3.58946288e+00  5.18282635e+00  7.36243284e+00  3.41676970e+00
 -1.33892096e+00 -7.70137265e-02  4.33421712e+00 -4.98540690e+00
  1.07869280e+00  4.18382445e-01  2.57238667e+00 -8.70267764e+00
 -8.90412817e-01 -2.92212194e+00 -9.98765371e-01  1.71577877e+00
  2.79560867e+00]","[13.07753943951935, 37.84981471091743, 82.3424074003138, 82.3424074003138, 82.3424074003138, 82.3424074003138, 82.3424074003138, 83.45700342386614, 83.45700342386614, 86.22394761131783, 86.22394761131783, 86.22394761131783, 86.22394761131783, 86.22394761131783, 86.22394761131783, 86.22394761131783, 86.22394761131783, 90.17142428221653, 90.17142428221653, 90.17142428221653, 90.17142428221653, 90.17142428221653, 90.17142428221653, 90.17142428221653, 90.17142428221653, 90.17142428221653, 90.17142428221653, 90.17142428221653, 90.17142428221653, 90.17142428221653, 90.17142428221653, 90.17142428221653, 90.17142428221653, 90.17142428221653, 90.17142428221653, 90.17142428221653, 90.17142428221653, 90.17142428221653, 90.17142428221653, 90.17142428221653, 90.17142428221653, 90.17142428221653, 90.17142428221653, 90.17142428221653, 90.17142428221653, 90.17142428221653, 90.17142428221653, 90.17142428221653, 90.17142428221653, 90.17142428221653, 90.17142428221653, 90.17142428221653, 90.17142428221653, 90.17142428221653, 90.17142428221653, 90.17142428221653, 90.17142428221653, 90.17142428221653, 90.17142428221653, 90.17142428221653, 90.17142428221653, 90.32731877422434, 90.32731877422434, 90.32731877422434, 90.32731877422434, 90.32731877422434, 90.32731877422434, 90.32731877422434, 90.32731877422434, 90.32731877422434, 90.32731877422434, 90.32731877422434, 90.32731877422434, 90.32731877422434, 90.32731877422434, 90.32731877422434, 90.32731877422434, 90.32731877422434, 90.32731877422434, 90.32731877422434, 90.32731877422434, 90.32731877422434, 90.32731877422434, 90.32731877422434, 90.32731877422434, 90.32731877422434, 90.32731877422434, 90.32731877422434, 90.32731877422434, 90.35558121501346, 90.35558121501346, 90.35558121501346, 90.35558121501346, 90.35558121501346, 90.35558121501346, 90.35558121501346, 90.59457349365401, 90.59457349365401, 90.59457349365401, 90.59457349365401, 90.59457349365401, 90.59457349365401]","[45.013850484871945, 37.6771025882365, 36.91056430790622, 34.89130974072943, 36.18005081372243, 36.087881157340625, 42.78675358973582, 42.623379987602874, 51.38346298261928, 44.01328636340057, 45.323331148055985, 46.777117756925875, 49.38213870708707, 50.24760286401377, 50.867673593987156, 51.08352185213152, 64.85278085791339, 58.80529050226045, 54.590321351250765, 61.09172987370461, 60.100506294815894, 60.36736337468089, 55.99895370332796, 57.72874056172577, 68.45276788573581, 63.6949987098916, 65.53903128636999, 65.69672030765241, 61.44942062543438, 66.05414807647122, 63.76815194144463, 66.70102454175782, 73.56393341104527, 66.44025905123354, 70.77529651671928, 68.7878101480884, 70.44838137635098, 71.45137185023006, 72.52867214269482, 72.1950532155212, 78.1365173043671, 76.40621154976023, 76.79618964891134, 74.68484482849622, 76.67373863954967, 74.1602182743772, 74.77537353937832, 75.94978847356143, 79.94485494214138, 75.35409851871651, 77.07451225619396, 77.5906997108544, 77.793441470037, 78.06611637453081, 78.74015115293382, 79.53294428362213, 82.55005251114153, 78.9027763588549, 79.49089521409341, 79.63051151519748, 79.28611342977128, 79.69878573267555, 78.74554047670968, 78.71217742472423, 82.52734915094648, 79.9991554144153, 81.16263490544355, 78.3954271558532, 80.50959049524988, 80.53675048196857, 80.86853452084138, 80.65902681179544, 84.19493696615952, 80.63625601032828, 79.47208347720047, 76.18760456229356, 76.77907167824753, 80.45555129910994, 80.87348151693617, 79.06683272240231, 83.03661518977133, 82.04470751265082, 80.93198121409085, 81.87660127100348, 80.30353930797281, 79.46237221797571, 83.24211734554571, 82.4007046846543, 85.90852722219297, 85.40993511327699, 83.02134922070535, 84.7762343434088, 85.49087184553395, 82.76118977122333, 82.41679228721047, 80.78688765200489, 86.51843038924392, 83.79446524245421, 84.03569399212809, 81.48079852861643, 82.79735559171624]","[32.419285197467666, 34.59218631538005, 33.69798933121389, 33.14108807726915, 32.47650875423074, 32.297483186322, 30.318559978665338, 30.692429431975846, 29.867461561697176, 32.98820931321215, 32.584720857776304, 31.097156160127824, 29.371709892723352, 29.06894658566775, 29.173495100806463, 29.717644580994754, 25.6217126286252, 31.1686166805741, 32.55073122852901, 28.070503728479306, 28.180106275350422, 28.264793255800832, 31.380058894793958, 29.658653839646725, 23.206286475268726, 28.41889870652578, 26.335063985622266, 26.127888472692725, 29.213654213848184, 26.113281780182838, 28.679244279791998, 26.40357147800568, 19.848090845556978, 28.62126389454553, 22.649796836819057, 24.403921350190856, 23.47993841528242, 22.747161550465428, 21.58249958432227, 22.87379705983701, 17.7455905305576, 20.479400555822806, 18.568955861921125, 21.841583648150912, 17.06857870296053, 21.036524669186054, 21.244980902596375, 20.87134723763252, 16.775135477580122, 23.762487394869815, 20.317489227666208, 19.776586324087564, 17.88464210220188, 17.78707078707482, 17.40740428002817, 16.966764443342303, 11.67105214435609, 19.510766366668594, 18.25954945157254, 17.388791318745838, 17.62633976002728, 16.73712676460849, 18.33922404815075, 17.928719383961443, 12.503618752085927, 17.374196952672158, 14.615892590650427, 18.750669445222524, 14.965935436383015, 14.527712553235409, 14.218612653431522, 14.812111467767053, 9.973028836862806, 17.546916419027042, 20.333389424464364, 22.657552511859055, 22.086137938232767, 17.073853445255736, 15.87428991499698, 19.524413559114567, 13.55119853052146, 14.843210255915526, 15.86684245406883, 14.911815240329547, 18.167809198283145, 19.46036756240459, 12.549014182444695, 13.950147355891533, 8.775297956365467, 10.330347624597913, 15.587234136406131, 13.090582588198947, 9.754897799495263, 15.62527476185039, 16.03669204272734, 18.715934007981584, 7.97506812005313, 14.619685913624988, 14.347538913065902, 17.963076988827556, 16.8610906187923]"
"[  1.93129658  -6.14244583   0.96373987   3.88001086   2.80518896
  -0.79875581  -2.62964703  -3.88936985   3.95760942  -7.12508552
  -0.55701699  -4.42452041  -1.15999093   1.41421984   0.5322598
   5.66094461   3.78461203   1.76611726   4.65242685  -0.4594045
  -2.37666555  -0.36869287  -4.21786057  -3.82469904  -1.11227284
   3.00413955  -3.42779583  -0.56110248  -0.34455232  -3.2961418
  -0.26726373   1.73895991   0.25113119   0.77445633  -1.02671641
   9.06651343   7.20141093   0.08798999   2.20325212  -1.34378029
  -0.7618476    2.14316977   4.65371563  -0.32559873  -0.22637748
  -7.27436005  -1.25389082  -3.51278117   0.83261611  -0.40080185
   1.91994297  -1.24359935   2.34711793   3.71034282  -2.41169733
 -11.0555527    2.82194845   2.74839044  -1.04440832  10.51844223
  -5.17387206   2.06739132  -2.50683418   6.27884167  -7.55117523
  -7.67572481  12.33114741  -1.20945899   6.24547056  -2.77921018
  -0.29695615  -1.54531336   4.96082147   7.65439849   0.52355927
  -6.91932483  -2.66798557   0.80747032   6.69515343   1.55388051
  -1.31394585   1.22388794   3.54750529   2.63453376  -1.64816493
   5.29396852  -3.00574031  -3.10756139   4.96296265  -0.38664776
   5.41302615   0.60815788   1.35678679  -2.50181372   0.92365014
   1.26040214  -1.83099952  -2.30332713   1.92028917  -0.49542854
  -0.66536788  -4.94731816  -3.41646884  -0.37061534   0.70371791
   2.10460383  -2.45595986   2.21592353   7.30979441  -0.04044142
   6.37152755  -0.98818991   4.07026628   1.08937384  -2.46190902
  -0.21917415 -10.07915635   0.08342637   1.32397607  -1.64343543
  -7.98270659   1.40418104   0.52802284   2.79763196   2.59909241
   0.34980915  -3.93761862   2.84678099   8.09939636  -5.4907749
   9.71966087   5.37659913   0.7855829   -6.50386216   2.29678065
  -5.04370057  -6.00755033   5.78487128  -4.61654456   1.7374338
   0.26369488  -1.38373037   1.16007278   1.47670347  10.13662443
  -0.12772923   7.74082872  -6.99450621   1.7655139   -1.27715552
   3.21423288   0.96213553   5.79357812  -3.7426257    3.6434873
  -5.46585128   0.4735471    5.71139936  -3.39482767  -0.47186191
   5.14004578  -5.29067445   2.40768909   6.3758419   -0.13093088
   0.71442536  -6.77097647   1.11434687  -2.86827881  -1.29882342
  -6.03171624  -3.21702521  -2.00658032  -1.81947741  -4.57158669
  10.92328878  -5.31610955  -2.15757268   4.43483981  -1.00360281
  -5.14598857   3.16267042   3.58796855   3.68377344   9.68208895
  -7.21694161   7.11535605  -1.74265481   7.67020692   0.17049935
   0.47022219   5.01658981  -3.73134668  -8.58032105   1.93446373
   6.04347543   5.26525187   5.69357423  -1.4613859   -0.35887472
  -4.53222598   2.26600329  -6.15625045  -4.05755159  -4.08149543
  -3.3911884   -0.97038205  -3.21189703  -4.84220948  -0.97087154
  -4.8848144    0.03929289   0.95018018   7.65115668  -8.6049891
  -4.41049481   0.57435068   6.23553695   1.14511081  -2.26799378
  -0.67650762  -7.60535967  -8.65755365   0.26691076   1.91993349
  -1.35322036  -6.05503302   0.66776082   7.29852943  -3.39978359
   0.84703529  -0.7229461   -2.5064539    4.09341381  -0.89777665
  -4.80834067  -4.18538056   2.25038477   0.63371886  -4.2187787
  -2.19663795   2.36479725   6.09715815   1.06376254   2.97559131
  -4.24174188  -1.80365415   0.82919897  -1.7129446   -6.45167379
  -1.00190712   8.93353603  -0.65394687   5.09352062  -5.25244151
  -2.70660154   3.74627856   0.19813288  -1.94847892   3.39339375
  -0.02078161  -3.08745941  -4.83559804   4.71936004  -1.65633952]","[43.0442541519493, 89.40085771127126, 89.40085771127126, 89.40085771127126, 89.40085771127126, 89.40085771127126, 89.40085771127126, 89.40085771127126, 89.40085771127126, 89.40085771127126, 89.40085771127126, 89.40085771127126, 89.40085771127126, 89.40085771127126, 89.40085771127126, 89.40085771127126, 89.40085771127126, 89.40085771127126, 89.40085771127126, 89.40085771127126, 89.40085771127126, 89.40085771127126, 89.40085771127126, 89.40085771127126, 89.40085771127126, 89.43912279719378, 89.43912279719378, 89.43912279719378, 89.43912279719378, 89.43912279719378, 89.43912279719378, 89.43912279719378, 89.43912279719378, 89.43912279719378, 89.43912279719378, 89.43912279719378, 89.43912279719378, 89.43912279719378, 89.43912279719378, 89.43912279719378, 89.43912279719378, 89.86651149306884, 89.86651149306884, 89.86651149306884, 89.86651149306884, 89.86651149306884, 89.86651149306884, 89.86651149306884, 89.86651149306884, 90.11805448810497, 90.11805448810497, 90.11805448810497, 90.11805448810497, 90.11805448810497, 90.11805448810497, 90.11805448810497, 90.11805448810497, 90.11805448810497, 90.11805448810497, 90.11805448810497, 90.11805448810497, 90.11805448810497, 90.11805448810497, 90.11805448810497, 90.11805448810497, 90.11805448810497, 90.11805448810497, 90.11805448810497, 90.11805448810497, 90.11805448810497, 90.11805448810497, 90.54082068554266, 90.54082068554266, 90.54082068554266, 90.54082068554266, 90.54082068554266, 90.54082068554266, 90.54082068554266, 90.54082068554266, 90.54082068554266, 90.54082068554266, 90.54082068554266, 90.54082068554266, 90.54082068554266, 90.61658448138739, 90.61658448138739, 90.9853190294112, 90.9853190294112, 90.9853190294112, 90.9853190294112, 90.9853190294112, 90.9853190294112, 90.9853190294112, 90.9853190294112, 90.9853190294112, 91.08903005647393, 91.08903005647393, 91.08903005647393, 91.08903005647393, 91.08903005647393, 91.08903005647393, 91.08903005647393]","[50.672685706574164, 41.28797546721051, 41.15794498568142, 43.5789766295306, 42.94965543598704, 38.66385429502288, 41.868627980463124, 43.96818746380639, 58.28104429339273, 53.53704413585611, 50.62947151767517, 54.47654812647903, 54.137813000389905, 56.57443877221444, 58.44766611513469, 57.20192662191679, 67.21635666727553, 60.52802217522644, 59.70108418802778, 61.794148966383545, 62.875128976350105, 64.17780648933822, 65.68302054612136, 62.75663288213926, 71.63933719755845, 69.3081903731027, 72.1629957479115, 70.24174186768819, 69.43387509036211, 68.25068099565209, 68.58328942270245, 68.6451667374218, 74.03434465407756, 70.47114017417557, 72.04856438566252, 71.38684629070627, 69.77698418531753, 71.87432014990145, 70.81413759022242, 69.97331699312774, 76.69224615778673, 73.89795902770767, 75.56220633941984, 71.05050904928241, 72.5589716969391, 72.3971555414894, 73.19741241015646, 72.55184647924274, 78.43110211502164, 76.40649630918662, 75.54563442577813, 74.63341442390534, 75.26740603303448, 75.75135153183959, 72.73213595630392, 73.00014070800935, 78.04694435405975, 77.8628930798362, 74.28548498209881, 75.44827999443446, 74.56632657521406, 74.46382760065134, 75.6186000979792, 74.64359509992099, 81.13901510946953, 75.85608272237967, 75.09994232585275, 74.09059779960445, 74.79698106441971, 74.1795405459365, 77.47656961544835, 78.62332447378718, 82.4352607305126, 78.35204767531417, 77.24563929671915, 78.04798299822453, 75.02169968945411, 76.40466510489031, 75.76648698975504, 77.33644521924002, 83.56326854964392, 78.0773841774412, 79.4731658728383, 78.53641286149902, 77.69138355835726, 78.85747999543797, 79.38937061329263, 82.03141128158262, 87.42669641852397, 83.14612343831935, 78.07333657515441, 81.11270072667472, 79.7069289811158, 81.96818556647176, 79.65208359021658, 82.26473326509418, 86.02266936398922, 81.3488158619087, 78.91299340221758, 79.77764713962866, 80.95606927635059]","[31.488816962032573, 34.891111017188976, 34.03412075044082, 33.68567700644088, 34.025335019526814, 35.111966139888914, 33.02302280888154, 32.332399625029474, 28.828762546372914, 32.341012500651, 33.246113305514754, 30.270906634852828, 28.948324085185007, 28.568582439386297, 28.458397217359384, 28.90289108996751, 25.170471226233207, 30.485617376319894, 30.378051684421475, 28.477242387354973, 28.92332052599388, 27.527014986911897, 27.383161794919708, 30.14501363345329, 23.187250644287285, 24.982152187518675, 21.472441486555084, 23.18837077836294, 24.54790592850147, 25.725480041256787, 24.912640656648463, 24.50917038002564, 19.329217770326878, 24.799274911550373, 22.125767430267203, 22.78353429682294, 24.040190020858457, 22.013316067773662, 23.103905095489317, 24.099991309262478, 17.813133047615324, 21.53263283211104, 18.86907903499937, 24.368573190057408, 22.980389571694136, 22.487168173572407, 21.667986605156283, 22.644651458699258, 16.11963342433086, 19.908865329828302, 20.694053372278177, 23.00688900642312, 21.898366350747803, 21.802348047143767, 25.029532911983406, 25.18794067149772, 19.65043356921998, 19.299205108361935, 24.791022727329732, 23.18848681539731, 23.366438846051587, 23.086767142558948, 21.820165051603816, 22.67415900447166, 13.257698072248154, 21.7229682427777, 23.614864965136217, 24.079293429334676, 23.266210776216617, 23.563147373099323, 20.02209209810377, 17.44620005908551, 12.050490994951412, 20.073768302801454, 20.95624602916074, 19.273058912891567, 24.776943132113757, 23.342769698705908, 25.124236633707856, 22.64024159989139, 11.919242983528397, 22.152976891886123, 19.77040724485005, 22.70888235393554, 24.161679042369183, 23.94312105974643, 22.505274330480646, 19.03687161898592, 6.00708778070605, 20.389647888106825, 27.658915120740687, 23.346959872506595, 26.210711636047893, 22.335855923919887, 25.356661127851133, 21.658250718981893, 16.088587582446383, 24.057127616115668, 26.469023310116075, 25.64101275752076, 24.04801539129221]"
"[ 1.95135770e+00  3.98904901e+00  3.12060898e-01  3.73223498e-01
  7.83637155e-01 -7.74712383e-01  3.28336980e-01  3.99067816e-02
 -4.70456228e-01 -4.30698813e+00 -5.55104413e-02  2.17447668e-02
 -7.29252467e+00 -1.95256516e-01  4.46436357e-01 -4.01070942e+00
  1.03091145e+00 -1.62220158e-02  2.03551414e-01  3.37428982e+00
  1.60118444e+00  7.30232497e-01  8.66862804e-01 -1.13057126e-01
 -2.03076595e-02  2.51925675e+00 -2.02899061e-02  2.68003733e-01
 -1.51051386e+00 -3.13718254e+00 -1.56673953e-01  6.73003381e-02
  4.80439051e+00  7.80069178e-01 -7.56293570e-01 -2.49757113e-01
  4.22939965e+00 -3.98688184e-01  1.21758832e-01 -1.96316204e-01
 -1.03853997e-02 -2.44639636e+00  4.17442584e+00 -8.74990658e-02
 -6.00434481e-01 -4.66427081e-01 -9.94853046e-01 -8.33971026e-01
  9.98273606e-02 -1.24273529e-01  5.98417734e-01  3.56662823e-01
  2.56125394e-01 -4.17126284e-01  2.75439692e-01 -1.35841861e-01
  1.72249077e+00  3.05015038e-01 -9.15759310e-03  7.59871288e-01
 -2.24212156e+00 -3.45936523e-02  7.63205265e-02 -3.64314450e-01
 -1.75275608e-01 -5.11837460e-02 -1.82575092e-01 -5.44654085e-01
 -5.42906560e-01  1.53416256e-01  1.21248575e-01  2.26530380e+00
  9.73862942e-02  2.39696011e-01  4.67902099e-01 -2.78320719e+00
  3.05360139e+00 -5.82701572e-01  2.15975577e-01  6.95383215e-01
 -8.51936545e+00  3.11994356e-03 -1.76890821e-01  2.58120589e+00
  1.38954913e-01 -3.78433766e-02 -2.41915894e-01  1.84113730e-01
 -3.47427075e-01  3.49020563e-01  6.98885549e-01  2.72321518e+00
  8.99436649e-01 -7.71198561e-01 -5.68625323e-03  6.16025871e-01
 -1.41963458e-01 -2.68492024e-01 -8.25007561e-01 -6.47544834e-01
  6.97542661e-01 -4.48857091e-01 -7.09023727e-01 -4.47041194e+00
 -3.97443997e+00  6.44002874e-01 -3.87814260e-01  3.06792619e-01
 -5.15692348e-02 -1.57291848e+00 -3.27396101e-01 -1.96300873e-01
  5.58377641e-01 -8.47465615e-01  1.37048081e+00 -1.39160737e-01
  8.39410947e-01 -2.32059160e-01  2.32371761e+00  3.79515321e-01
  4.36489938e+00 -2.60583034e+00  6.42873395e-01  6.29848439e-01
  5.15321730e-01  2.23937313e-02 -3.44735631e-01 -9.43162137e-01
  1.61000945e-01  1.41953375e-02  3.43840430e-01 -1.27621577e-01
  7.41275526e-01  2.76841104e-01 -7.27425453e-01 -4.14071673e+00
  2.89192165e-01  3.10605150e-01 -5.68184810e-01 -8.23789463e-01
 -1.33300820e+00  1.79368780e+00  5.18451348e+00  2.83545675e-01
 -8.91428535e-02  4.62817611e+00  3.96885400e-03 -4.58792671e-01
 -2.08973288e+00  2.58122729e-02  6.53322794e-01 -1.01000952e-01
  4.27031317e-02  7.57901170e-01 -3.64609929e+00 -5.83247331e-01
 -8.34503111e-01 -3.59567729e-01  1.93787314e-02 -1.97305483e-01
 -3.14496109e+00  2.22496274e-01 -3.38663784e+00 -3.51864059e-01
  5.87969350e-01 -2.74106888e-01 -5.03192862e-03 -1.32749336e-01
 -1.27882339e+00 -2.05381065e-01 -1.30187452e-02  3.38151197e+00
  4.64214570e-01 -4.44785155e+00 -2.75009328e-01 -3.02505195e-01
 -8.40590838e+00 -1.19880556e-01 -3.18926935e+00 -1.12343092e+00
  7.16986382e-01 -1.87823198e-01  9.40699822e-01  7.14312006e-02
  5.76516205e+00  6.73063854e-01 -3.38530336e-01 -4.48672443e-01
 -5.56776969e-01  1.30410416e-01 -6.14595141e-01  1.44200964e-01
 -3.07074193e-01 -8.94938465e-01  1.35318838e-01 -4.05053271e+00
  7.96946379e-01  1.48278475e-01 -3.77998867e-01 -1.96542679e-01
 -3.56148947e-01  7.33545871e-01  5.80696076e-01  2.98960738e-02
 -2.08522377e-01 -5.50337933e-01  2.51615828e-01 -1.26340327e+00
  1.60677108e+00 -3.89098939e+00 -3.45017392e-01  2.58105379e-01
 -5.84122182e-01  1.08869418e-01  3.04347440e+00 -2.36995473e+00
 -1.72729798e-01  6.65930820e+00  3.94769653e-01 -1.22739934e-02
  2.77268228e-01 -2.50694511e-01  1.43292187e+00 -2.32144212e+00
 -4.35728861e-01 -1.08033536e-01 -4.00759183e-01 -7.11449782e-01
  7.27374559e-02  5.88931614e-01 -5.75476193e-01 -2.06860522e-01
  1.84588461e-01  2.89262848e+00 -4.53733632e-02 -2.89241006e+00
  1.94357896e-01  3.96863665e-01  4.47113171e-01  1.30322125e-01
  3.87574002e-01  4.85824171e-01  7.10604391e-02 -3.69176725e-01
  2.73981246e-01 -3.08601104e-01 -1.19296772e+00  3.96559711e-01
 -1.39990459e-01 -1.45452649e-01 -9.03954133e-02  6.36936735e-01
 -1.02885502e-01 -4.16761132e-01  2.59720434e-01  4.46529830e-01
 -1.55857286e-01  2.51712263e-01 -4.09851495e-01 -7.13189367e-01
 -9.64818015e-01 -6.51026911e-01  1.27861898e+00 -4.44574936e-02
  3.71391424e+00]","[44.54875090242151, 86.31769729637789, 86.31769729637789, 86.31769729637789, 86.31769729637789, 86.31769729637789, 86.31769729637789, 86.31769729637789, 86.31769729637789, 86.31769729637789, 86.31769729637789, 86.31769729637789, 86.31769729637789, 86.31769729637789, 86.31769729637789, 86.31769729637789, 86.31769729637789, 89.38711893833926, 89.38711893833926, 89.38711893833926, 89.38711893833926, 89.4648218028632, 89.4648218028632, 89.4648218028632, 89.4648218028632, 89.4648218028632, 89.4648218028632, 89.58641100516122, 89.58641100516122, 90.14351325442067, 90.14351325442067, 90.14351325442067, 90.14351325442067, 90.14351325442067, 90.14351325442067, 90.14351325442067, 90.14351325442067, 90.14351325442067, 90.14351325442067, 90.14351325442067, 90.14351325442067, 90.43834367312495, 90.43834367312495, 90.43834367312495, 90.50067318586785, 90.50067318586785, 90.50067318586785, 90.50067318586785, 90.50067318586785, 90.50067318586785, 90.50067318586785, 90.50067318586785, 90.50067318586785, 90.50067318586785, 90.50067318586785, 90.50067318586785, 90.50067318586785, 90.50067318586785, 90.50067318586785, 90.50067318586785, 90.50067318586785, 90.50067318586785, 90.50067318586785, 90.50067318586785, 90.50067318586785, 90.77927647679972, 90.77927647679972, 90.77927647679972, 90.77927647679972, 90.77927647679972, 90.77927647679972, 90.77927647679972, 90.77927647679972, 90.77927647679972, 90.77927647679972, 90.77927647679972, 90.77927647679972, 90.77927647679972, 90.77927647679972, 90.77927647679972, 90.77927647679972, 90.77927647679972, 90.77927647679972, 90.77927647679972, 90.77927647679972, 90.77927647679972, 90.77927647679972, 90.77927647679972, 90.77927647679972, 90.77927647679972, 90.77927647679972, 90.77927647679972, 90.77927647679972, 90.77927647679972, 90.77927647679972, 90.77927647679972, 90.77927647679972, 90.77927647679972, 90.77927647679972, 90.77927647679972, 90.77927647679972, 90.77927647679972]","[47.789122381901905, 40.01569012358246, 37.399670105507035, 41.84816058006291, 38.931770512940446, 41.09354224520675, 38.59371363480153, 39.05831835770427, 52.94850097073186, 46.10883367546567, 45.04000921900584, 47.30689812695269, 49.076303752528766, 49.25799092616836, 52.51084161770589, 56.85956142240379, 66.57932292606888, 60.71213334361844, 63.33494347471978, 64.6661352932231, 62.47128370398939, 62.86459203609771, 61.94076233925569, 66.61179192523943, 74.44173871925592, 70.05985984762832, 73.23164685567933, 71.19480209090703, 72.13469041386347, 69.44211519547413, 70.98555740287703, 73.14006619538685, 79.76101691247285, 72.79243484723746, 72.71054860262822, 76.66043320395234, 75.88254464056446, 75.14078023318103, 76.25720435246183, 75.59526140486633, 80.86066929933043, 76.46082187905802, 75.27916656128822, 71.5058098225621, 75.32022177300736, 74.61713156012543, 78.49702918727802, 77.03968603571457, 82.03500791891462, 76.762828203737, 76.34198435846059, 76.24563240597023, 76.0462648116423, 78.08697048901675, 79.48046855483274, 76.95604917584934, 81.5184375878973, 79.33915986944461, 79.23021801845276, 76.58623769486532, 76.03422256549676, 78.32006789372058, 78.08887961919804, 76.38545198189753, 81.99100129431503, 79.76934382063978, 79.03433111470025, 77.88987088641274, 78.93929217530213, 80.56108050943457, 77.96107824206044, 76.4042057879816, 82.36909134685874, 79.68752913025259, 78.15565677043158, 79.2395225256457, 79.6087918321919, 82.14657020201044, 80.16709304349456, 81.33412801586172, 84.7122259130035, 81.93697640011706, 79.07444147396345, 80.7601347173697, 81.35980042805723, 80.33486297708521, 79.86533056755033, 82.56025846875818, 86.021754251835, 79.78634102518824, 83.30464235724283, 83.79922016986625, 82.48107542317913, 79.104082041607, 82.8871728458616, 79.20065209154232, 84.2701076352131, 81.55830557884315, 83.08021401548149, 80.15183127174538, 82.81195961631629]","[32.19287683660185, 34.296147163739064, 34.58996918199977, 32.55065571687783, 33.07682384374859, 31.744937575704483, 32.61944961223646, 32.222341979439946, 30.021170409337543, 32.8602919829579, 32.85207852843989, 30.702055758510888, 30.586205970974355, 31.43670307930483, 28.38807830381204, 26.962782558626504, 23.848885902605012, 30.579294727608907, 29.2507419684327, 27.73001834978144, 29.59547670974863, 29.04912826677597, 29.224380233833653, 26.1710916587234, 20.099697603789792, 26.028556676014926, 21.861991419926508, 24.77688509419619, 23.100821411863812, 26.388246149378602, 24.236060513352996, 21.643003099948746, 14.954343353389495, 25.527116260228773, 26.866701793396924, 20.36716875300765, 20.625249985041684, 21.406069501968748, 19.128159370094895, 20.67917269648983, 13.784351811238539, 22.273158187045485, 23.262375344225468, 27.662222007904163, 22.186690898317714, 22.389659168569924, 16.764709345135124, 20.20598681627798, 12.618697084398253, 22.92699354211344, 22.262555461316968, 21.959063220770823, 23.112626383373264, 20.335345068753067, 17.93762741265313, 20.396014487856558, 14.38976787349525, 17.93027440281279, 16.361475611952944, 20.572925410339366, 21.984112722275828, 19.467822787372647, 19.00103844906986, 21.38753803856007, 14.277727860290412, 18.37475618127992, 19.087685791925878, 21.188922568267632, 19.002216288045695, 16.685014995027153, 20.52944502550595, 22.849414062601138, 13.486093651955436, 17.18085691341496, 20.17126320319152, 17.920370929026415, 18.72560753938178, 12.29918131186339, 17.48311287585644, 15.341455964249832, 9.601101694979963, 15.671587319907017, 20.471817166879568, 17.337564954596928, 15.364955074771947, 18.242915431352007, 19.09106164078253, 13.177327910275977, 6.364631351798491, 19.380164489545457, 14.055546311066365, 12.686022398333867, 17.29271480715332, 22.44737619145789, 14.353914332613758, 21.837841536384968, 12.988585340677563, 19.103921189488624, 16.10385688432475, 22.28564840276609, 17.469696960217945]"
"[-6.02826134e-01 -1.28431366e+00 -9.12695513e-01  6.34365362e-01
 -2.73116800e+00 -1.56131302e-01  9.04841018e-02  3.96195675e-01
  5.75631265e+00 -4.40523016e-01 -7.70527436e-02 -4.02643056e+00
 -3.23024137e+00  5.83152544e-01 -7.23775346e-01  1.68947381e+00
 -1.93126707e+00  2.32422442e-01 -4.10223254e-01  5.90080917e+00
 -8.34044683e-01 -1.39782171e-01 -5.10656574e+00 -1.05141103e+00
 -3.33181198e-01  1.99223377e-01 -4.08757974e-01  9.56662892e-02
  3.46746835e-01 -8.70793334e-02 -4.05363643e-02  2.96444042e-01
  3.84374598e-01  1.13673208e+00 -5.86703330e-01 -1.04771517e+00
 -3.73264629e+00  2.56231673e+00 -5.67807843e-01  1.79365283e+00
 -6.79530862e-01 -1.33032373e-01 -1.01960394e+00 -8.09424473e-02
 -4.80251394e-01  7.59109963e-01 -5.05145429e-01 -5.77399919e-01
 -2.30175024e-01  7.63884945e-01  2.44171225e-01  4.08753160e-01
  3.19481846e+00  3.15404475e-01  5.78287930e-01  1.48446565e+00
 -6.10173006e-01 -7.46382879e-02  8.17269998e-01 -1.56130157e+00
 -3.78451627e-02 -3.87574763e-01 -2.91612447e-01  2.81647913e-02
 -2.66635439e-01  9.99780789e+00  6.61107806e-01  5.40855794e-02
  8.47231343e-01 -4.55257193e+00 -9.31108851e-02  2.54812300e+00
 -3.20254217e-02 -3.13948390e-01  8.54549582e+00  7.16984611e-01
 -2.55928158e-01  5.63343291e-01  3.83175809e-02 -8.06195492e-01
  8.67934395e-03 -6.17728155e-01 -4.45152852e-01 -2.72002641e+00
  1.28640504e-01 -1.23907604e+00  9.80089369e-01  3.23103858e-01
  4.73755404e-01 -7.36852002e+00  6.85691563e-03  3.72558340e-01
  5.27719951e-01  1.13794966e+00  6.60274831e-02  3.87724184e-02
 -3.29676904e+00 -5.92793339e-01  3.22493431e-01 -2.92352152e-01
 -2.76574815e+00  5.77171072e+00 -4.86270141e-01 -3.40539908e-02
  9.19105559e-01 -3.42672979e+00  3.06979006e-02  9.69323932e-02
 -1.59902800e-01  2.19454798e-01  4.05835782e-01 -6.72272903e-01
  2.78074461e-01 -3.34057711e+00 -1.45323009e-01 -4.70966606e-01
  3.79459111e-02  2.83183456e-01  5.02302556e-01  7.07974673e-03
  3.49476889e-01 -3.72743234e-01  7.78761127e-01 -1.01377974e-01
 -2.23732324e-01 -9.19307091e-01  2.43320287e+00  6.00243629e-01
 -7.53635152e-02  1.09914245e+00 -2.11694069e-01 -3.29378030e-01
 -3.73814839e-01  5.10345952e-01  7.43926394e-01 -1.27890146e-01
 -1.99304370e-01 -2.82963099e-01  3.14552727e-02 -5.60539817e+00
 -4.67857378e-02  4.13999308e-01  6.80161080e-01 -5.93859062e-02
 -3.75703884e+00  3.76821564e-01  6.72885716e-03  1.98610619e-01
  5.96347683e-01 -6.95888780e-01  5.35667870e-02  1.37244147e+00
  2.52024505e-01  1.67807405e-01 -8.56901648e-01 -7.67916138e-02
 -3.40648590e-01  3.55717063e+00 -1.45818117e-01  3.88781729e-01
 -4.69162641e+00 -2.90554696e-01  5.86980985e-01 -4.45975843e-01
  2.30531774e+00  2.07965231e+00  1.01530066e-01  7.59356777e-01
 -7.31613499e-01  1.88076390e+00 -6.13887013e-01 -3.20095788e-01
  6.15197216e-01 -8.55562311e-02  4.88874849e-01  2.21280519e-02
  9.21829619e-02  5.33877957e-01  3.06283207e-01 -1.79563631e-01
 -3.30403082e+00 -9.15307674e-02 -1.57761399e-01 -1.62665189e+00
 -8.22799146e-01 -5.55818125e-01  4.75415749e-01  8.99204011e-02
  7.97019051e-02 -1.26099904e-01 -6.31383755e-01 -6.36561645e-01
  1.69517490e+00  9.49569609e-01 -7.21947657e-02 -3.89902505e+00
  2.60816018e-01  1.42384110e+00 -3.71805001e+00  5.82537879e-01
  2.64429067e-01  6.93429280e+00  3.45418971e-01 -5.95997784e-01
 -5.08572643e-01  5.62991536e-01  7.12640013e-01 -4.18407129e-01
 -2.75925010e-01 -5.62653101e-01 -4.37036961e+00  6.22101853e-01
 -3.40506485e-01 -6.41664892e-01  5.85321369e-01 -1.21359390e-01
  4.61849473e+00 -3.12084652e+00  3.54257393e-01 -2.96552091e+00
 -3.54414013e+00  2.50340986e-01 -1.25977037e-01  3.04586506e-01
 -1.59188671e-01  3.33752062e+00 -9.80296805e-01  2.29560754e+00
 -1.83109501e-01 -1.37244306e-01 -2.64292661e-01  1.38087110e-01
 -4.37876551e-02  2.26520788e-01  1.90203024e-01 -2.08599157e-01
  6.05411845e+00  4.93950396e+00  7.02097737e-01 -1.32377278e+00
  1.32926854e+00  3.42128128e-01  1.02821050e-01  1.65338824e+00
 -3.88688877e-01  9.76375437e-02 -4.67417476e+00  5.02279663e-01
  1.00275782e+00  2.35771341e+00 -6.35294759e-01  2.88488714e-01
 -1.85002761e-01 -5.05678890e-01 -3.05045678e-01  1.47422102e+00
  5.87777092e-02 -6.15012373e-01  1.66644364e-01 -5.08096097e-01
  8.18498432e-01 -7.93973522e-02 -5.58072331e-01 -5.80325056e-02
 -4.15048500e-01]","[40.71651946181887, 83.98457349212434, 83.98457349212434, 83.98457349212434, 83.98457349212434, 83.98457349212434, 83.98457349212434, 83.98457349212434, 83.98457349212434, 83.98457349212434, 83.98457349212434, 83.98457349212434, 83.98457349212434, 83.98457349212434, 83.98457349212434, 83.98457349212434, 83.98457349212434, 89.54287732819034, 89.54287732819034, 89.54287732819034, 89.54287732819034, 89.54287732819034, 89.54287732819034, 89.54287732819034, 89.54287732819034, 89.54287732819034, 89.54287732819034, 89.54287732819034, 89.54287732819034, 89.54287732819034, 89.54287732819034, 89.54287732819034, 89.54287732819034, 89.54287732819034, 89.54287732819034, 89.54287732819034, 89.54287732819034, 89.54287732819034, 89.54287732819034, 89.54287732819034, 89.54287732819034, 90.22206168721281, 90.22206168721281, 90.22206168721281, 90.22206168721281, 90.22206168721281, 90.22206168721281, 90.22206168721281, 90.22206168721281, 90.22206168721281, 90.22206168721281, 90.22206168721281, 90.22206168721281, 90.22206168721281, 90.22206168721281, 90.22206168721281, 90.22206168721281, 90.66101289917695, 90.66101289917695, 90.66101289917695, 90.66101289917695, 90.66101289917695, 90.66101289917695, 90.66101289917695, 90.66101289917695, 90.66101289917695, 90.66101289917695, 90.66101289917695, 90.66101289917695, 90.66101289917695, 90.66101289917695, 90.66101289917695, 90.66101289917695, 90.66101289917695, 90.66101289917695, 90.66101289917695, 90.66101289917695, 90.66101289917695, 90.66101289917695, 90.66101289917695, 90.66101289917695, 91.03733024929254, 91.03733024929254, 91.03733024929254, 91.03733024929254, 91.03733024929254, 91.03733024929254, 91.03733024929254, 91.03733024929254, 91.03733024929254, 91.03733024929254, 91.03733024929254, 91.03733024929254, 91.03733024929254, 91.03733024929254, 91.03733024929254, 91.03733024929254, 91.03733024929254, 91.03733024929254, 91.03733024929254, 91.03733024929254, 91.03733024929254]","[50.061504634971385, 41.151538689945646, 40.61202699243184, 39.987345954592996, 39.00957419147487, 38.10583717983264, 43.7612841531067, 40.9079571600959, 52.24049164840581, 40.45465586657397, 39.9411622525666, 40.69015678646517, 48.62545971545869, 51.50242249222666, 52.36372743569256, 53.77760100083064, 66.26422219130829, 57.749070974258395, 60.46228628642908, 62.88167190495576, 61.146719491727964, 62.679313679764164, 63.1563564812498, 61.94973749355161, 72.33404653532314, 68.37356972595859, 70.0792339340951, 65.93702621068515, 68.29009206873025, 68.17947130132518, 65.92562780281347, 66.52412120255852, 76.2967598370176, 72.1703452884707, 74.44726415335118, 75.85671225457348, 75.0518308889266, 73.30062076765516, 71.8742002535345, 73.49339905434208, 80.11258607797785, 78.25810835954879, 78.69357593459443, 74.56975981021132, 72.85004737439036, 74.7820050371734, 73.92432203155671, 75.69409161698188, 80.27562793366046, 78.31528393182539, 77.53227101859204, 75.15470338378208, 76.24271399656827, 75.66064503039382, 79.46019113288328, 77.40632057914463, 79.75157225588063, 78.19237271945536, 78.60632105895607, 78.90145825368595, 76.84970432844965, 75.49606145663368, 77.65351486153733, 77.4889900629033, 82.2108943530207, 79.47523060608188, 74.84088561242636, 74.75495519101455, 74.64524074240623, 77.40011916666873, 74.9159090690237, 76.72325799253471, 81.04836948722354, 79.89760738013277, 78.72376740781206, 78.33958523766327, 78.37520012938538, 77.07791499029497, 78.71485302052449, 78.80113264957416, 82.29463111905581, 80.1648721375267, 79.58304138607487, 79.00974721564688, 77.42687308939632, 77.90115531564696, 81.72454483234827, 80.90656381352045, 84.58810759192933, 79.13433687053968, 81.92523800331887, 82.28843795624225, 80.76564780345036, 81.72716970657665, 80.50569534688374, 80.53298982072367, 83.93577927560011, 81.01849608848781, 79.53246020014804, 81.9976898392967, 81.81409504008958]","[30.881044967610855, 34.87722383557168, 35.07079990424227, 34.20598483920064, 33.53503025371248, 33.964274380952304, 32.194058797806925, 33.22717105583011, 30.311764242890703, 35.177025622532156, 33.4085859859306, 33.26234257199915, 30.39129717049321, 29.3936205826865, 29.788558224256153, 29.241494214965073, 26.001098061487657, 31.592852610901403, 29.796030982876875, 28.285176813022144, 29.08512839499793, 28.282613846058585, 28.324754091365396, 30.106974081810403, 22.980140311387046, 26.935609661853892, 24.678003306636175, 27.823156627322515, 25.41864447106341, 24.64775411529856, 26.76036743461813, 27.013898902314516, 17.51668656850608, 23.941230273176274, 19.6716528982579, 18.18024057472151, 18.948229299475425, 21.760187409968875, 24.952677346833696, 22.24013325625561, 14.324348735327854, 17.43756613359825, 16.05968673871329, 22.278228845920946, 24.188546470890707, 22.625534626725443, 22.277321866692763, 20.886393508840722, 15.516248256915109, 17.598469389169765, 18.58824931346958, 22.21757297683682, 21.01701131421386, 21.43067357603635, 15.30968711775354, 19.88180907776403, 17.143276173341498, 19.505648669600465, 18.485328167832687, 17.33915210820272, 21.167826890729497, 22.90139000680224, 19.805031018572453, 19.211913812810273, 11.649293076207957, 17.406981425715085, 23.616105890703754, 23.4325532738376, 23.027841505573466, 18.021056360833878, 21.661181490351762, 19.193082437731746, 12.854069378758401, 14.472049475018222, 16.25294843938953, 17.250665417307022, 17.794235644292492, 18.804416892388826, 16.85203416627299, 16.32511849233753, 11.748151137726895, 15.72835529655253, 17.13572751445069, 18.656553935309272, 21.30593879045668, 19.39076163571587, 12.945407639646234, 15.794709027844213, 10.785596379822817, 20.173924993931212, 13.59907275163763, 15.087948946876924, 16.436082512380406, 14.408852196720217, 16.602062153245054, 16.76065954179517, 11.170399378202507, 16.432820148310192, 19.845385435765603, 15.683482715701947, 15.572958495220837]"
"[-1.59789610e+00  3.61272838e-01  7.39997424e-01  6.96705914e-01
 -5.76270165e-01 -1.49939239e-01  1.95826854e-01 -4.76508665e+00
  1.85177417e-01 -2.67503813e-01  7.36638613e-01 -1.79705577e-01
 -2.22979581e-01  3.78287779e-01  3.45679933e-01  2.62879124e-01
 -1.80428637e-01  4.12244605e-01 -4.73252892e-01 -2.48920529e-01
  4.75985800e-01 -1.03167535e-01 -5.33690137e-01  1.58112971e-01
 -2.11041659e+00 -2.80163072e-01 -1.02618568e-01  1.88758230e+00
  6.75994346e-01 -6.86206722e-01  5.74545884e-03  4.39479995e-01
 -4.68191266e-01 -1.99069063e+00 -7.92021447e-01  6.01502651e-01
 -6.79390795e-01  4.12362886e+00 -6.13969891e-01 -1.19277711e+00
 -2.02432987e-01  3.54829538e+00 -7.58754213e-01  1.09060256e-01
  7.53789929e-01 -5.87206644e-01  1.42642424e-01 -9.57475912e-02
  5.06054753e-01  4.20509797e-01  4.41998159e+00 -8.96151306e-01
 -5.32932135e+00  4.80377372e-01  1.53732545e-01  7.98931508e-01
  4.64715845e-03  7.76818583e-01  4.30855090e+00 -4.28931867e-01
 -3.80787050e-01  3.47828504e-01 -3.42383467e-01 -3.36886577e-01
 -5.01349791e-02  4.73297500e+00  3.57264535e-01  6.88726629e-01
 -1.16232233e+00 -3.54778929e-01 -5.57479030e-02  3.26239391e-01
  1.25475654e-01  4.95105632e+00 -5.43472039e-01 -4.75144378e+00
 -9.28325200e-02  8.20654534e-01 -1.38981477e+00  1.78193575e+00
  1.18521044e+00  2.37406036e-01  2.61506644e-01  1.10598786e+00
 -3.36829085e-01  9.65190405e-02 -2.32778321e-01  7.97045627e-01
 -1.76307367e+00  5.60080326e+00  2.49523466e-01  9.49507957e-01
  1.05259772e-01 -1.89123644e-01 -5.42828803e-02  4.27486220e+00
  9.52086433e-01  2.49680210e+00 -3.47656824e-01 -1.93760584e-01
  1.81693093e-01  4.10337559e-01  4.14905151e-01 -2.70296319e+00
  5.86368710e-01 -3.83214060e+00 -4.66672507e-01  8.15408876e-01
  4.34477072e+00  4.18132877e-02 -1.00964690e+00 -7.25697069e-01
  7.85324173e-01  6.88932940e+00 -3.86228878e+00  1.73364605e-01
 -1.88155170e-01  2.20016211e-01  2.15522292e+00  8.62555312e-01
  9.05797509e-01  6.12405584e-01 -2.57331351e+00  1.76799317e-01
 -3.77007840e-01 -5.04668952e-01 -5.92450330e-01  2.28750302e-01
  4.50618592e-01  5.04170513e-02 -5.16203309e-01  7.07073117e-02
  7.40797854e-01  5.56947676e-02  2.91043658e-02 -3.08206240e+00
 -7.20447144e-02 -4.24358109e-01  4.42187681e-01 -1.52213549e+00
 -5.30866336e-02  5.42501061e-01  4.43894766e-01  1.81473091e-01
 -2.14229271e-01  2.19949102e-01 -4.26760398e-01 -2.83251772e-01
  3.14532885e-01 -8.38592783e-02 -2.71481570e-01 -1.34136592e+00
  3.05492494e-01 -9.22099856e-01 -4.63554315e-01  4.30723556e-02
  1.08941361e+00 -1.03383976e-02  3.04091842e+00 -7.05750431e-02
  3.10624412e-01 -5.20106937e+00  1.30038099e-01  5.47068679e+00
  3.40777711e+00 -5.61443904e-01  3.95827994e-01 -1.66877246e-01
 -3.65990403e-01 -2.94205805e-01  4.74056399e-01 -2.63315155e+00
 -5.17192914e-01 -7.41686203e-01  1.98935302e-02  2.34143273e-02
 -3.84373717e-01  1.23202362e+00 -4.94114772e-01  9.60412243e-02
  3.81102206e-02  2.77044259e-01  1.26545207e-02 -8.02461021e-02
  6.86501829e-01 -2.60671318e-01  5.60420838e-01  2.86668405e-01
 -9.64385292e-01 -7.88945013e-01  9.11709920e-02 -3.63024908e-01
 -1.90362604e+00 -6.34413127e-01  6.03041320e-01 -2.44745029e-01
 -1.23191282e+00  5.61574053e+00  5.61162948e-01 -1.10268666e+00
 -8.39118699e-01  5.92071871e-01  3.60856456e+00 -2.55701684e+00
 -5.01277724e+00 -1.40104579e-01 -1.81374720e-01 -4.42706067e-03
 -2.74913140e+00 -2.74505807e-01 -3.94098185e-01  4.88132678e-01
 -8.90134413e-03 -3.73035759e-01 -9.19362414e-02  7.56612640e-01
  4.25437959e-01  5.44392438e-01 -7.58681464e-01 -1.49291662e-01
  4.30957776e-01  6.41268605e-02 -1.76590416e-01 -5.51016879e-01
  3.15461449e+00 -3.44600833e-01  4.71495320e+00  5.29357491e-01
 -1.81332411e+00 -4.96953607e-01  8.43311775e-01  4.85796790e-02
  3.21642524e+00  2.15239694e+00 -2.58239686e-01 -1.77558289e-01
  5.36025712e-01  5.00070827e-01 -3.56847057e-01 -2.19317164e-01
 -8.78469184e-02 -7.39238131e-02 -2.79141438e-01 -3.39400691e-01
 -6.23405095e-01 -3.10428331e+00  6.21973264e-01  3.70438242e+00
 -1.88593988e-01 -1.94195636e-01  5.03553847e-01  5.31081883e-01
  6.63349266e-01  7.49719250e-01 -4.32305409e-01  1.58716306e-01
  1.42428763e-02 -3.83700258e-01  9.35278815e-01  2.91376705e-01
 -2.92483473e-01 -4.64070069e-01  2.67020015e-01  1.07386650e+00
 -9.85032398e-02]","[31.63358603351634, 85.71849793247361, 85.71849793247361, 85.71849793247361, 85.71849793247361, 85.71849793247361, 85.71849793247361, 85.71849793247361, 85.71849793247361, 86.25785792497386, 86.25785792497386, 86.25785792497386, 86.25785792497386, 86.25785792497386, 86.25785792497386, 86.25785792497386, 86.25785792497386, 86.25785792497386, 86.25785792497386, 88.02073897783197, 88.02073897783197, 88.02073897783197, 88.02073897783197, 88.02073897783197, 88.02073897783197, 88.64881314517397, 88.64881314517397, 88.64881314517397, 88.64881314517397, 88.64881314517397, 88.64881314517397, 88.64881314517397, 88.64881314517397, 88.64881314517397, 88.64881314517397, 89.05904931897162, 89.05904931897162, 89.05904931897162, 89.05904931897162, 89.05904931897162, 89.05904931897162, 89.05904931897162, 89.40340575140719, 89.40340575140719, 89.40340575140719, 90.39457617379215, 90.39457617379215, 90.39457617379215, 90.39457617379215, 90.39457617379215, 90.39457617379215, 90.39457617379215, 90.39457617379215, 90.39457617379215, 90.39457617379215, 90.39457617379215, 90.39457617379215, 90.39457617379215, 90.39457617379215, 90.39457617379215, 90.39457617379215, 90.39457617379215, 90.39457617379215, 90.39457617379215, 90.39457617379215, 90.72505529539706, 90.72505529539706, 90.72505529539706, 90.72505529539706, 90.72505529539706, 90.72505529539706, 90.72505529539706, 90.72505529539706, 90.72505529539706, 90.72505529539706, 90.72505529539706, 90.72505529539706, 90.72505529539706, 90.72505529539706, 90.72505529539706, 90.72505529539706, 90.72505529539706, 90.72505529539706, 90.72505529539706, 90.72505529539706, 90.72505529539706, 90.72505529539706, 90.72505529539706, 90.72505529539706, 90.72505529539706, 90.72505529539706, 90.72505529539706, 90.72505529539706, 90.72505529539706, 90.72505529539706, 90.72505529539706, 90.72505529539706, 90.72505529539706, 90.72505529539706, 90.72505529539706, 90.72505529539706, 90.72505529539706]","[47.04681426677133, 41.029764286360184, 37.46812150561634, 37.71097988578565, 39.512610014491756, 38.5596202329266, 37.4888483524328, 39.72204023788186, 54.68320603559612, 52.00925585995002, 47.165835648122766, 46.187858219896896, 48.56614337791314, 54.917508742796514, 55.52661255596725, 55.578196288918896, 67.52173606235762, 61.50320831281598, 61.86220635343156, 60.53489800128983, 63.8328680778787, 63.16314731690059, 62.78364617927292, 63.008846003071994, 69.5441113155477, 65.43798926158094, 67.15920235820599, 65.05393692219505, 63.03288806821814, 66.1852723725552, 65.3716903897329, 66.6739244858883, 73.28207138931806, 70.06274006216131, 71.55278967980837, 70.66097258924425, 71.17894832592162, 68.3802155015306, 69.15358819170639, 70.55776880911405, 77.31424699959067, 72.14134245911407, 74.9377138657491, 76.43142233296061, 74.84040572490224, 74.86944912010111, 73.60627798919415, 70.50664587203845, 78.49190551001546, 77.62723212202283, 76.41029077023595, 76.74495721259507, 76.27190987561804, 77.28180534648097, 76.58603562253629, 79.09550293405981, 81.76000493570845, 79.28859077516961, 79.07221111666466, 80.7775414356269, 77.6437294367902, 75.1150398627182, 77.70196820774294, 77.72841869777847, 81.98971030659399, 80.41362165654722, 77.27222298183474, 78.11898037067431, 78.1924297463633, 79.54414050548058, 79.7595051017482, 78.1468778492964, 83.13541114437162, 81.43800516838436, 79.35920782298312, 81.49691885932017, 79.61967059386245, 81.10249750172714, 78.57250373040924, 81.2799125770034, 85.35432303523704, 81.79550116491431, 75.8222201324394, 75.68794579000057, 74.83666584720513, 75.22616749024836, 77.44929735651145, 77.01209193861754, 84.74458195181855, 79.29491723123964, 76.63132970928014, 76.48933973687879, 77.77638767221025, 78.327552619814, 77.52023158812165, 82.87761651912123, 84.86640061976043, 79.50768768497042, 78.2654129812916, 77.85075970813712, 77.60021900387085]","[32.56520273209316, 34.58304015003087, 34.61778040844438, 33.652170652357995, 33.31023005895821, 34.02857363420956, 33.25558127915933, 32.555370217693344, 29.54858014361702, 30.771915498559363, 32.337532829938226, 32.610879138246716, 31.84608559008679, 29.50430067098429, 29.153076680398943, 30.01088385040799, 24.503864278907898, 30.54901420755367, 29.30439763961607, 29.871611284339384, 26.47917821369017, 27.05286356607978, 28.144752119255827, 28.65603603413589, 23.302298701329374, 27.535098395745575, 25.60740496602454, 27.87447375925438, 29.380140724809834, 27.28354363538023, 27.405936069546048, 25.483760393984564, 20.474488435696447, 24.96830212094252, 22.4645878481281, 22.762797193447764, 22.645407695427643, 26.196818205758543, 24.548051322393267, 22.96904859129952, 16.822414549663982, 24.522805108268603, 20.401462306498004, 18.998120549479903, 21.589378264557126, 21.20738333169255, 22.784085661795903, 25.742881092917962, 17.483181733070143, 18.690805366192887, 20.569540277884535, 19.021952574009692, 19.729893791384587, 18.39897248874759, 19.799693605597945, 15.665892353951605, 12.076393679959912, 17.330462540967698, 18.271910374808314, 14.787271901937746, 19.601911488108886, 22.108769879988575, 19.13962045895474, 19.307340304519897, 15.294385534138437, 16.647916420384256, 21.805949127434573, 20.057610656352356, 20.058762116868085, 16.951378320840774, 16.33308560043645, 18.463343357529805, 10.547506662784903, 16.403528277524444, 18.85749398399155, 14.04317369836566, 18.550235366003758, 16.14053875334537, 21.08434530768228, 14.900393489801173, 7.454475758857689, 19.088085185790725, 26.77767170071595, 27.239244713339186, 27.095369322154546, 26.23218547891748, 22.565872940612753, 23.53082499735674, 8.899661017158804, 22.023795948661473, 24.992185405641816, 24.835786283269954, 22.692949330295136, 20.370058108972753, 22.759167101796002, 14.291029978787233, 11.019554462353389, 21.179303687602836, 22.271659661589783, 21.40559580842071, 22.772333365539957]"
